time[zone="UTC"],latitude[unit="degrees_north"],longitude[unit="degrees_east"],id[unit=""],wls[unit="meters"]
2018-10-31T00:00:00Z,21.307,-157.867,hono,0.312
2018-10-31T00:01:00Z,21.307,-157.867,hono,0.295
2018-10-31T00:02:00Z,21.307,-157.867,hono,0.328
2018-10-31T00:03:00Z,21.307,-157.867,hono,0.316
2018-10-31T00:04:00Z,21.307,-157.867,hono,0.312
2018-10-31T00:05:00Z,21.307,-157.867,hono,0.316
2018-10-31T00:06:00Z,21.307,-157.867,hono,0.325
2018-10-31T00:07:00Z,21.307,-157.867,hono,0.32
2018-10-31T00:08:00Z,21.307,-157.867,hono,0.321
2018-10-31T00:09:00Z,21.307,-157.867,hono,0.31
2018-10-31T00:10:00Z,21.307,-157.867,hono,0.318
2018-10-31T00:11:00Z,21.307,-157.867,hono,0.307
2018-10-31T00:12:00Z,21.307,-157.867,hono,0.309
2018-10-31T00:13:00Z,21.307,-157.867,hono,0.304
2018-10-31T00:14:00Z,21.307,-157.867,hono,0.315
2018-10-31T00:15:00Z,21.307,-157.867,hono,0.301
2018-10-31T00:16:00Z,21.307,-157.867,hono,0.286
2018-10-31T00:17:00Z,21.307,-157.867,hono,0.294
2018-10-31T00:18:00Z,21.307,-157.867,hono,0.298
2018-10-31T00:19:00Z,21.307,-157.867,hono,0.286
2018-10-31T00:20:00Z,21.307,-157.867,hono,0.279
2018-10-31T00:21:00Z,21.307,-157.867,hono,0.297
2018-10-31T00:22:00Z,21.307,-157.867,hono,0.283
2018-10-31T00:23:00Z,21.307,-157.867,hono,0.286
2018-10-31T00:24:00Z,21.307,-157.867,hono,0.287
2018-10-31T00:25:00Z,21.307,-157.867,hono,0.29
2018-10-31T00:26:00Z,21.307,-157.867,hono,0.293
2018-10-31T00:27:00Z,21.307,-157.867,hono,0.273
2018-10-31T00:28:00Z,21.307,-157.867,hono,0.289
2018-10-31T00:29:00Z,21.307,-157.867,hono,0.301
2018-10-31T00:30:00Z,21.307,-157.867,hono,0.275
2018-10-31T00:31:00Z,21.307,-157.867,hono,0.283
2018-10-31T00:32:00Z,21.307,-157.867,hono,0.288
2018-10-31T00:33:00Z,21.307,-157.867,hono,0.267
2018-10-31T00:34:00Z,21.307,-157.867,hono,0.273
2018-10-31T00:35:00Z,21.307,-157.867,hono,0.268
2018-10-31T00:36:00Z,21.307,-157.867,hono,0.272
2018-10-31T00:37:00Z,21.307,-157.867,hono,0.249
2018-10-31T00:38:00Z,21.307,-157.867,hono,0.271
2018-10-31T00:39:00Z,21.307,-157.867,hono,0.262
2018-10-31T00:40:00Z,21.307,-157.867,hono,0.265
2018-10-31T00:41:00Z,21.307,-157.867,hono,0.258
2018-10-31T00:42:00Z,21.307,-157.867,hono,0.263
2018-10-31T00:43:00Z,21.307,-157.867,hono,0.245
2018-10-31T00:44:00Z,21.307,-157.867,hono,0.258
2018-10-31T00:45:00Z,21.307,-157.867,hono,0.249
2018-10-31T00:46:00Z,21.307,-157.867,hono,0.242
2018-10-31T00:47:00Z,21.307,-157.867,hono,0.252
2018-10-31T00:48:00Z,21.307,-157.867,hono,0.245
2018-10-31T00:49:00Z,21.307,-157.867,hono,0.263
2018-10-31T00:50:00Z,21.307,-157.867,hono,0.26
2018-10-31T00:51:00Z,21.307,-157.867,hono,0.252
2018-10-31T00:52:00Z,21.307,-157.867,hono,0.242
2018-10-31T00:53:00Z,21.307,-157.867,hono,0.258
2018-10-31T00:54:00Z,21.307,-157.867,hono,0.243
2018-10-31T00:55:00Z,21.307,-157.867,hono,0.243
2018-10-31T00:56:00Z,21.307,-157.867,hono,0.237
2018-10-31T00:57:00Z,21.307,-157.867,hono,0.259
2018-10-31T00:58:00Z,21.307,-157.867,hono,0.232
2018-10-31T00:59:00Z,21.307,-157.867,hono,0.225
2018-10-31T01:00:00Z,21.307,-157.867,hono,0.258
2018-10-31T01:01:00Z,21.307,-157.867,hono,0.239
2018-10-31T01:02:00Z,21.307,-157.867,hono,0.223
2018-10-31T01:03:00Z,21.307,-157.867,hono,0.234
2018-10-31T01:04:00Z,21.307,-157.867,hono,0.233
2018-10-31T01:05:00Z,21.307,-157.867,hono,0.23
2018-10-31T01:06:00Z,21.307,-157.867,hono,0.217
2018-10-31T01:07:00Z,21.307,-157.867,hono,0.233
2018-10-31T01:08:00Z,21.307,-157.867,hono,0.22
2018-10-31T01:09:00Z,21.307,-157.867,hono,0.238
2018-10-31T01:10:00Z,21.307,-157.867,hono,0.234
2018-10-31T01:11:00Z,21.307,-157.867,hono,0.234
2018-10-31T01:12:00Z,21.307,-157.867,hono,0.226
2018-10-31T01:13:00Z,21.307,-157.867,hono,0.238
2018-10-31T01:14:00Z,21.307,-157.867,hono,0.22
2018-10-31T01:15:00Z,21.307,-157.867,hono,0.228
2018-10-31T01:16:00Z,21.307,-157.867,hono,0.23
2018-10-31T01:17:00Z,21.307,-157.867,hono,0.207
2018-10-31T01:18:00Z,21.307,-157.867,hono,0.223
2018-10-31T01:19:00Z,21.307,-157.867,hono,0.238
2018-10-31T01:20:00Z,21.307,-157.867,hono,0.209
2018-10-31T01:21:00Z,21.307,-157.867,hono,0.215
2018-10-31T01:22:00Z,21.307,-157.867,hono,0.223
2018-10-31T01:23:00Z,21.307,-157.867,hono,0.219
2018-10-31T01:24:00Z,21.307,-157.867,hono,0.21
2018-10-31T01:25:00Z,21.307,-157.867,hono,0.22
2018-10-31T01:26:00Z,21.307,-157.867,hono,0.204
2018-10-31T01:27:00Z,21.307,-157.867,hono,0.209
2018-10-31T01:28:00Z,21.307,-157.867,hono,0.224
2018-10-31T01:29:00Z,21.307,-157.867,hono,0.219
2018-10-31T01:30:00Z,21.307,-157.867,hono,0.216
2018-10-31T01:31:00Z,21.307,-157.867,hono,0.219
2018-10-31T01:32:00Z,21.307,-157.867,hono,0.227
2018-10-31T01:33:00Z,21.307,-157.867,hono,0.22
2018-10-31T01:34:00Z,21.307,-157.867,hono,0.213
2018-10-31T01:35:00Z,21.307,-157.867,hono,0.216
2018-10-31T01:36:00Z,21.307,-157.867,hono,0.22
2018-10-31T01:37:00Z,21.307,-157.867,hono,0.211
2018-10-31T01:38:00Z,21.307,-157.867,hono,0.208
2018-10-31T01:39:00Z,21.307,-157.867,hono,0.197
2018-10-31T01:40:00Z,21.307,-157.867,hono,0.206
2018-10-31T01:41:00Z,21.307,-157.867,hono,0.205
2018-10-31T01:42:00Z,21.307,-157.867,hono,0.206
2018-10-31T01:43:00Z,21.307,-157.867,hono,0.201
2018-10-31T01:44:00Z,21.307,-157.867,hono,0.211
2018-10-31T01:45:00Z,21.307,-157.867,hono,0.204
2018-10-31T01:46:00Z,21.307,-157.867,hono,0.209
2018-10-31T01:47:00Z,21.307,-157.867,hono,0.207
2018-10-31T01:48:00Z,21.307,-157.867,hono,0.209
2018-10-31T01:49:00Z,21.307,-157.867,hono,0.206
2018-10-31T01:50:00Z,21.307,-157.867,hono,0.218
2018-10-31T01:51:00Z,21.307,-157.867,hono,0.185
2018-10-31T01:52:00Z,21.307,-157.867,hono,0.201
2018-10-31T01:53:00Z,21.307,-157.867,hono,0.207
2018-10-31T01:54:00Z,21.307,-157.867,hono,0.213
2018-10-31T01:55:00Z,21.307,-157.867,hono,0.192
2018-10-31T01:56:00Z,21.307,-157.867,hono,0.2
2018-10-31T01:57:00Z,21.307,-157.867,hono,0.204
2018-10-31T01:58:00Z,21.307,-157.867,hono,0.192
2018-10-31T01:59:00Z,21.307,-157.867,hono,0.19
2018-10-31T02:00:00Z,21.307,-157.867,hono,0.188
2018-10-31T02:01:00Z,21.307,-157.867,hono,0.179
2018-10-31T02:02:00Z,21.307,-157.867,hono,0.189
2018-10-31T02:03:00Z,21.307,-157.867,hono,0.176
2018-10-31T02:04:00Z,21.307,-157.867,hono,0.191
2018-10-31T02:05:00Z,21.307,-157.867,hono,0.179
2018-10-31T02:06:00Z,21.307,-157.867,hono,0.197
2018-10-31T02:07:00Z,21.307,-157.867,hono,0.193
2018-10-31T02:08:00Z,21.307,-157.867,hono,0.182
2018-10-31T02:09:00Z,21.307,-157.867,hono,0.193
2018-10-31T02:10:00Z,21.307,-157.867,hono,0.191
2018-10-31T02:11:00Z,21.307,-157.867,hono,0.177
2018-10-31T02:12:00Z,21.307,-157.867,hono,0.18
2018-10-31T02:13:00Z,21.307,-157.867,hono,0.177
2018-10-31T02:14:00Z,21.307,-157.867,hono,0.175
2018-10-31T02:15:00Z,21.307,-157.867,hono,0.183
2018-10-31T02:16:00Z,21.307,-157.867,hono,0.17
2018-10-31T02:17:00Z,21.307,-157.867,hono,0.174
2018-10-31T02:18:00Z,21.307,-157.867,hono,0.176
2018-10-31T02:19:00Z,21.307,-157.867,hono,0.163
2018-10-31T02:20:00Z,21.307,-157.867,hono,0.165
2018-10-31T02:21:00Z,21.307,-157.867,hono,0.174
2018-10-31T02:22:00Z,21.307,-157.867,hono,0.167
2018-10-31T02:23:00Z,21.307,-157.867,hono,0.175
2018-10-31T02:24:00Z,21.307,-157.867,hono,0.152
2018-10-31T02:25:00Z,21.307,-157.867,hono,0.176
2018-10-31T02:26:00Z,21.307,-157.867,hono,0.172
2018-10-31T02:27:00Z,21.307,-157.867,hono,0.163
2018-10-31T02:28:00Z,21.307,-157.867,hono,0.163
2018-10-31T02:29:00Z,21.307,-157.867,hono,0.182
2018-10-31T02:30:00Z,21.307,-157.867,hono,0.175
2018-10-31T02:31:00Z,21.307,-157.867,hono,0.165
2018-10-31T02:32:00Z,21.307,-157.867,hono,0.183
2018-10-31T02:33:00Z,21.307,-157.867,hono,0.17
2018-10-31T02:34:00Z,21.307,-157.867,hono,0.173
2018-10-31T02:35:00Z,21.307,-157.867,hono,0.169
2018-10-31T02:36:00Z,21.307,-157.867,hono,0.172
2018-10-31T02:37:00Z,21.307,-157.867,hono,0.163
2018-10-31T02:38:00Z,21.307,-157.867,hono,0.167
2018-10-31T02:39:00Z,21.307,-157.867,hono,0.175
2018-10-31T02:40:00Z,21.307,-157.867,hono,0.172
2018-10-31T02:41:00Z,21.307,-157.867,hono,0.164
2018-10-31T02:42:00Z,21.307,-157.867,hono,0.167
2018-10-31T02:43:00Z,21.307,-157.867,hono,0.176
2018-10-31T02:44:00Z,21.307,-157.867,hono,0.163
2018-10-31T02:45:00Z,21.307,-157.867,hono,0.169
2018-10-31T02:46:00Z,21.307,-157.867,hono,0.155
2018-10-31T02:47:00Z,21.307,-157.867,hono,0.169
2018-10-31T02:48:00Z,21.307,-157.867,hono,0.172
2018-10-31T02:49:00Z,21.307,-157.867,hono,0.169
2018-10-31T02:50:00Z,21.307,-157.867,hono,0.164
2018-10-31T02:51:00Z,21.307,-157.867,hono,0.176
2018-10-31T02:52:00Z,21.307,-157.867,hono,0.18
2018-10-31T02:53:00Z,21.307,-157.867,hono,0.168
2018-10-31T02:54:00Z,21.307,-157.867,hono,0.163
2018-10-31T02:55:00Z,21.307,-157.867,hono,0.17
2018-10-31T02:56:00Z,21.307,-157.867,hono,0.169
2018-10-31T02:57:00Z,21.307,-157.867,hono,0.166
2018-10-31T02:58:00Z,21.307,-157.867,hono,0.164
2018-10-31T02:59:00Z,21.307,-157.867,hono,0.158
2018-10-31T03:00:00Z,21.307,-157.867,hono,0.157
2018-10-31T03:01:00Z,21.307,-157.867,hono,0.169
2018-10-31T03:02:00Z,21.307,-157.867,hono,0.163
2018-10-31T03:03:00Z,21.307,-157.867,hono,0.151
2018-10-31T03:04:00Z,21.307,-157.867,hono,0.156
2018-10-31T03:05:00Z,21.307,-157.867,hono,0.164
2018-10-31T03:06:00Z,21.307,-157.867,hono,0.157
2018-10-31T03:07:00Z,21.307,-157.867,hono,0.153
2018-10-31T03:08:00Z,21.307,-157.867,hono,0.161
2018-10-31T03:09:00Z,21.307,-157.867,hono,0.161
2018-10-31T03:10:00Z,21.307,-157.867,hono,0.166
2018-10-31T03:11:00Z,21.307,-157.867,hono,0.159
2018-10-31T03:12:00Z,21.307,-157.867,hono,0.169
2018-10-31T03:13:00Z,21.307,-157.867,hono,0.17
2018-10-31T03:14:00Z,21.307,-157.867,hono,0.158
2018-10-31T03:15:00Z,21.307,-157.867,hono,0.164
2018-10-31T03:16:00Z,21.307,-157.867,hono,0.165
2018-10-31T03:17:00Z,21.307,-157.867,hono,0.17
2018-10-31T03:18:00Z,21.307,-157.867,hono,0.168
2018-10-31T03:19:00Z,21.307,-157.867,hono,0.176
2018-10-31T03:20:00Z,21.307,-157.867,hono,0.172
2018-10-31T03:21:00Z,21.307,-157.867,hono,0.171
2018-10-31T03:22:00Z,21.307,-157.867,hono,0.168
2018-10-31T03:23:00Z,21.307,-157.867,hono,0.18
2018-10-31T03:24:00Z,21.307,-157.867,hono,0.161
2018-10-31T03:25:00Z,21.307,-157.867,hono,0.163
2018-10-31T03:26:00Z,21.307,-157.867,hono,0.163
2018-10-31T03:27:00Z,21.307,-157.867,hono,0.167
2018-10-31T03:28:00Z,21.307,-157.867,hono,0.164
2018-10-31T03:29:00Z,21.307,-157.867,hono,0.165
2018-10-31T03:30:00Z,21.307,-157.867,hono,0.166
2018-10-31T03:31:00Z,21.307,-157.867,hono,0.181
2018-10-31T03:32:00Z,21.307,-157.867,hono,0.174
2018-10-31T03:33:00Z,21.307,-157.867,hono,0.155
2018-10-31T03:34:00Z,21.307,-157.867,hono,0.172
2018-10-31T03:35:00Z,21.307,-157.867,hono,0.174
2018-10-31T03:36:00Z,21.307,-157.867,hono,0.159
2018-10-31T03:37:00Z,21.307,-157.867,hono,0.162
2018-10-31T03:38:00Z,21.307,-157.867,hono,0.173
2018-10-31T03:39:00Z,21.307,-157.867,hono,0.178
2018-10-31T03:40:00Z,21.307,-157.867,hono,0.176
2018-10-31T03:41:00Z,21.307,-157.867,hono,0.176
2018-10-31T03:42:00Z,21.307,-157.867,hono,0.185
2018-10-31T03:43:00Z,21.307,-157.867,hono,0.188
2018-10-31T03:44:00Z,21.307,-157.867,hono,0.186
2018-10-31T03:45:00Z,21.307,-157.867,hono,0.172
2018-10-31T03:46:00Z,21.307,-157.867,hono,0.183
2018-10-31T03:47:00Z,21.307,-157.867,hono,0.185
2018-10-31T03:48:00Z,21.307,-157.867,hono,0.18
2018-10-31T03:49:00Z,21.307,-157.867,hono,0.17
2018-10-31T03:50:00Z,21.307,-157.867,hono,0.185
2018-10-31T03:51:00Z,21.307,-157.867,hono,0.173
2018-10-31T03:52:00Z,21.307,-157.867,hono,0.178
2018-10-31T03:53:00Z,21.307,-157.867,hono,0.179
2018-10-31T03:54:00Z,21.307,-157.867,hono,0.176
2018-10-31T03:55:00Z,21.307,-157.867,hono,0.167
2018-10-31T03:56:00Z,21.307,-157.867,hono,0.174
2018-10-31T03:57:00Z,21.307,-157.867,hono,0.166
2018-10-31T03:58:00Z,21.307,-157.867,hono,0.159
2018-10-31T03:59:00Z,21.307,-157.867,hono,0.18
2018-10-31T04:00:00Z,21.307,-157.867,hono,0.168
2018-10-31T04:01:00Z,21.307,-157.867,hono,0.169
2018-10-31T04:02:00Z,21.307,-157.867,hono,0.17
2018-10-31T04:03:00Z,21.307,-157.867,hono,0.185
2018-10-31T04:04:00Z,21.307,-157.867,hono,0.167
2018-10-31T04:05:00Z,21.307,-157.867,hono,0.18
2018-10-31T04:06:00Z,21.307,-157.867,hono,0.183
2018-10-31T04:07:00Z,21.307,-157.867,hono,0.175
2018-10-31T04:08:00Z,21.307,-157.867,hono,0.181
2018-10-31T04:09:00Z,21.307,-157.867,hono,0.181
2018-10-31T04:10:00Z,21.307,-157.867,hono,0.18
2018-10-31T04:11:00Z,21.307,-157.867,hono,0.168
2018-10-31T04:12:00Z,21.307,-157.867,hono,0.167
2018-10-31T04:13:00Z,21.307,-157.867,hono,0.165
2018-10-31T04:14:00Z,21.307,-157.867,hono,0.165
2018-10-31T04:15:00Z,21.307,-157.867,hono,0.168
2018-10-31T04:16:00Z,21.307,-157.867,hono,0.15
2018-10-31T04:17:00Z,21.307,-157.867,hono,0.164
2018-10-31T04:18:00Z,21.307,-157.867,hono,0.176
2018-10-31T04:19:00Z,21.307,-157.867,hono,0.162
2018-10-31T04:20:00Z,21.307,-157.867,hono,0.152
2018-10-31T04:21:00Z,21.307,-157.867,hono,0.172
2018-10-31T04:22:00Z,21.307,-157.867,hono,0.172
2018-10-31T04:23:00Z,21.307,-157.867,hono,0.16
2018-10-31T04:24:00Z,21.307,-157.867,hono,0.175
2018-10-31T04:25:00Z,21.307,-157.867,hono,0.158
2018-10-31T04:26:00Z,21.307,-157.867,hono,0.176
2018-10-31T04:27:00Z,21.307,-157.867,hono,0.177
2018-10-31T04:28:00Z,21.307,-157.867,hono,0.185
2018-10-31T04:29:00Z,21.307,-157.867,hono,0.169
2018-10-31T04:30:00Z,21.307,-157.867,hono,0.173
2018-10-31T04:31:00Z,21.307,-157.867,hono,0.175
2018-10-31T04:32:00Z,21.307,-157.867,hono,0.17
2018-10-31T04:33:00Z,21.307,-157.867,hono,0.163
2018-10-31T04:34:00Z,21.307,-157.867,hono,0.154
2018-10-31T04:35:00Z,21.307,-157.867,hono,0.158
2018-10-31T04:36:00Z,21.307,-157.867,hono,0.172
2018-10-31T04:37:00Z,21.307,-157.867,hono,0.161
2018-10-31T04:38:00Z,21.307,-157.867,hono,0.164
2018-10-31T04:39:00Z,21.307,-157.867,hono,0.162
2018-10-31T04:40:00Z,21.307,-157.867,hono,0.173
2018-10-31T04:41:00Z,21.307,-157.867,hono,0.174
2018-10-31T04:42:00Z,21.307,-157.867,hono,0.174
2018-10-31T04:43:00Z,21.307,-157.867,hono,0.167
2018-10-31T04:44:00Z,21.307,-157.867,hono,0.173
2018-10-31T04:45:00Z,21.307,-157.867,hono,0.18
2018-10-31T04:46:00Z,21.307,-157.867,hono,0.184
2018-10-31T04:47:00Z,21.307,-157.867,hono,0.18
2018-10-31T04:48:00Z,21.307,-157.867,hono,0.181
2018-10-31T04:49:00Z,21.307,-157.867,hono,0.191
2018-10-31T04:50:00Z,21.307,-157.867,hono,0.17
2018-10-31T04:51:00Z,21.307,-157.867,hono,0.176
2018-10-31T04:52:00Z,21.307,-157.867,hono,0.174
2018-10-31T04:53:00Z,21.307,-157.867,hono,0.164
2018-10-31T04:54:00Z,21.307,-157.867,hono,0.167
2018-10-31T04:55:00Z,21.307,-157.867,hono,0.165
2018-10-31T04:56:00Z,21.307,-157.867,hono,0.171
2018-10-31T04:57:00Z,21.307,-157.867,hono,0.172
2018-10-31T04:58:00Z,21.307,-157.867,hono,0.17
2018-10-31T04:59:00Z,21.307,-157.867,hono,0.169
2018-10-31T05:00:00Z,21.307,-157.867,hono,0.165
2018-10-31T05:01:00Z,21.307,-157.867,hono,0.161
2018-10-31T05:02:00Z,21.307,-157.867,hono,0.166
2018-10-31T05:03:00Z,21.307,-157.867,hono,0.164
2018-10-31T05:04:00Z,21.307,-157.867,hono,0.161
2018-10-31T05:05:00Z,21.307,-157.867,hono,0.177
2018-10-31T05:06:00Z,21.307,-157.867,hono,0.177
2018-10-31T05:07:00Z,21.307,-157.867,hono,0.167
2018-10-31T05:08:00Z,21.307,-157.867,hono,0.176
2018-10-31T05:09:00Z,21.307,-157.867,hono,0.174
2018-10-31T05:10:00Z,21.307,-157.867,hono,0.167
2018-10-31T05:11:00Z,21.307,-157.867,hono,0.171
2018-10-31T05:12:00Z,21.307,-157.867,hono,0.171
2018-10-31T05:13:00Z,21.307,-157.867,hono,0.162
2018-10-31T05:14:00Z,21.307,-157.867,hono,0.168
2018-10-31T05:15:00Z,21.307,-157.867,hono,0.163
2018-10-31T05:16:00Z,21.307,-157.867,hono,0.165
2018-10-31T05:17:00Z,21.307,-157.867,hono,0.171
2018-10-31T05:18:00Z,21.307,-157.867,hono,0.171
2018-10-31T05:19:00Z,21.307,-157.867,hono,0.168
2018-10-31T05:20:00Z,21.307,-157.867,hono,0.175
2018-10-31T05:21:00Z,21.307,-157.867,hono,0.173
2018-10-31T05:22:00Z,21.307,-157.867,hono,0.164
2018-10-31T05:23:00Z,21.307,-157.867,hono,0.184
2018-10-31T05:24:00Z,21.307,-157.867,hono,0.165
2018-10-31T05:25:00Z,21.307,-157.867,hono,0.175
2018-10-31T05:26:00Z,21.307,-157.867,hono,0.178
2018-10-31T05:27:00Z,21.307,-157.867,hono,0.179
2018-10-31T05:28:00Z,21.307,-157.867,hono,0.185
2018-10-31T05:29:00Z,21.307,-157.867,hono,0.19
2018-10-31T05:36:00Z,21.307,-157.867,hono,0.189
2018-10-31T05:37:00Z,21.307,-157.867,hono,0.182
2018-10-31T05:38:00Z,21.307,-157.867,hono,0.192
2018-10-31T05:39:00Z,21.307,-157.867,hono,0.188
2018-10-31T05:40:00Z,21.307,-157.867,hono,0.193
2018-10-31T05:41:00Z,21.307,-157.867,hono,0.19
2018-10-31T05:42:00Z,21.307,-157.867,hono,0.183
2018-10-31T05:43:00Z,21.307,-157.867,hono,0.191
2018-10-31T05:44:00Z,21.307,-157.867,hono,0.196
2018-10-31T05:45:00Z,21.307,-157.867,hono,0.189
2018-10-31T05:46:00Z,21.307,-157.867,hono,0.201
2018-10-31T05:47:00Z,21.307,-157.867,hono,0.194
2018-10-31T05:48:00Z,21.307,-157.867,hono,0.206
2018-10-31T05:49:00Z,21.307,-157.867,hono,0.193
2018-10-31T05:50:00Z,21.307,-157.867,hono,0.194
2018-10-31T05:51:00Z,21.307,-157.867,hono,0.207
2018-10-31T05:52:00Z,21.307,-157.867,hono,0.208
2018-10-31T05:53:00Z,21.307,-157.867,hono,0.187
2018-10-31T05:54:00Z,21.307,-157.867,hono,0.202
2018-10-31T05:55:00Z,21.307,-157.867,hono,0.211
2018-10-31T05:56:00Z,21.307,-157.867,hono,0.197
2018-10-31T05:57:00Z,21.307,-157.867,hono,0.198
2018-10-31T05:58:00Z,21.307,-157.867,hono,0.218
2018-10-31T05:59:00Z,21.307,-157.867,hono,0.216
2018-10-31T06:00:00Z,21.307,-157.867,hono,0.205
2018-10-31T06:01:00Z,21.307,-157.867,hono,0.215
2018-10-31T06:02:00Z,21.307,-157.867,hono,0.213
2018-10-31T06:03:00Z,21.307,-157.867,hono,0.206
2018-10-31T06:04:00Z,21.307,-157.867,hono,0.205
2018-10-31T06:05:00Z,21.307,-157.867,hono,0.198
2018-10-31T06:06:00Z,21.307,-157.867,hono,0.194
2018-10-31T06:07:00Z,21.307,-157.867,hono,0.207
2018-10-31T06:08:00Z,21.307,-157.867,hono,0.206
2018-10-31T06:09:00Z,21.307,-157.867,hono,0.201
2018-10-31T06:10:00Z,21.307,-157.867,hono,0.206
2018-10-31T06:11:00Z,21.307,-157.867,hono,0.204
2018-10-31T06:12:00Z,21.307,-157.867,hono,0.211
2018-10-31T06:13:00Z,21.307,-157.867,hono,0.209
2018-10-31T06:14:00Z,21.307,-157.867,hono,0.199
2018-10-31T06:15:00Z,21.307,-157.867,hono,0.214
2018-10-31T06:16:00Z,21.307,-157.867,hono,0.213
2018-10-31T06:17:00Z,21.307,-157.867,hono,0.206
2018-10-31T06:18:00Z,21.307,-157.867,hono,0.212
2018-10-31T06:19:00Z,21.307,-157.867,hono,0.216
2018-10-31T06:20:00Z,21.307,-157.867,hono,0.218
2018-10-31T06:21:00Z,21.307,-157.867,hono,0.208
2018-10-31T06:22:00Z,21.307,-157.867,hono,0.217
2018-10-31T06:23:00Z,21.307,-157.867,hono,0.224
2018-10-31T06:24:00Z,21.307,-157.867,hono,0.212
2018-10-31T06:25:00Z,21.307,-157.867,hono,0.201
2018-10-31T06:26:00Z,21.307,-157.867,hono,0.208
2018-10-31T06:27:00Z,21.307,-157.867,hono,0.219
2018-10-31T06:28:00Z,21.307,-157.867,hono,0.209
2018-10-31T06:29:00Z,21.307,-157.867,hono,0.214
2018-10-31T06:30:00Z,21.307,-157.867,hono,0.214
2018-10-31T06:31:00Z,21.307,-157.867,hono,0.22
2018-10-31T06:32:00Z,21.307,-157.867,hono,0.226
2018-10-31T06:33:00Z,21.307,-157.867,hono,0.219
2018-10-31T06:34:00Z,21.307,-157.867,hono,0.21
2018-10-31T06:35:00Z,21.307,-157.867,hono,0.223
2018-10-31T06:36:00Z,21.307,-157.867,hono,0.227
2018-10-31T06:37:00Z,21.307,-157.867,hono,0.219
2018-10-31T06:38:00Z,21.307,-157.867,hono,0.221
2018-10-31T06:39:00Z,21.307,-157.867,hono,0.219
2018-10-31T06:40:00Z,21.307,-157.867,hono,0.222
2018-10-31T06:41:00Z,21.307,-157.867,hono,0.227
2018-10-31T06:42:00Z,21.307,-157.867,hono,0.223
2018-10-31T06:43:00Z,21.307,-157.867,hono,0.218
2018-10-31T06:44:00Z,21.307,-157.867,hono,0.228
2018-10-31T06:45:00Z,21.307,-157.867,hono,0.226
2018-10-31T06:46:00Z,21.307,-157.867,hono,0.226
2018-10-31T06:47:00Z,21.307,-157.867,hono,0.226
2018-10-31T06:48:00Z,21.307,-157.867,hono,0.228
2018-10-31T06:49:00Z,21.307,-157.867,hono,0.225
2018-10-31T06:50:00Z,21.307,-157.867,hono,0.228
2018-10-31T06:51:00Z,21.307,-157.867,hono,0.226
2018-10-31T06:52:00Z,21.307,-157.867,hono,0.224
2018-10-31T06:53:00Z,21.307,-157.867,hono,0.237
2018-10-31T06:54:00Z,21.307,-157.867,hono,0.226
2018-10-31T06:55:00Z,21.307,-157.867,hono,0.229
2018-10-31T06:56:00Z,21.307,-157.867,hono,0.235
2018-10-31T06:57:00Z,21.307,-157.867,hono,0.229
2018-10-31T06:58:00Z,21.307,-157.867,hono,0.224
2018-10-31T06:59:00Z,21.307,-157.867,hono,0.224
2018-10-31T07:00:00Z,21.307,-157.867,hono,0.226
2018-10-31T07:01:00Z,21.307,-157.867,hono,0.235
2018-10-31T07:02:00Z,21.307,-157.867,hono,0.23
2018-10-31T07:03:00Z,21.307,-157.867,hono,0.222
2018-10-31T07:04:00Z,21.307,-157.867,hono,0.227
2018-10-31T07:05:00Z,21.307,-157.867,hono,0.24
2018-10-31T07:06:00Z,21.307,-157.867,hono,0.228
2018-10-31T07:07:00Z,21.307,-157.867,hono,0.231
2018-10-31T07:08:00Z,21.307,-157.867,hono,0.226
2018-10-31T07:09:00Z,21.307,-157.867,hono,0.233
2018-10-31T07:10:00Z,21.307,-157.867,hono,0.239
2018-10-31T07:11:00Z,21.307,-157.867,hono,0.232
2018-10-31T07:12:00Z,21.307,-157.867,hono,0.228
2018-10-31T07:13:00Z,21.307,-157.867,hono,0.238
2018-10-31T07:14:00Z,21.307,-157.867,hono,0.243
2018-10-31T07:15:00Z,21.307,-157.867,hono,0.224
2018-10-31T07:16:00Z,21.307,-157.867,hono,0.251
2018-10-31T07:17:00Z,21.307,-157.867,hono,0.231
2018-10-31T07:18:00Z,21.307,-157.867,hono,0.242
2018-10-31T07:19:00Z,21.307,-157.867,hono,0.239
2018-10-31T07:20:00Z,21.307,-157.867,hono,0.238
2018-10-31T07:21:00Z,21.307,-157.867,hono,0.239
2018-10-31T07:22:00Z,21.307,-157.867,hono,0.245
2018-10-31T07:23:00Z,21.307,-157.867,hono,0.253
2018-10-31T07:24:00Z,21.307,-157.867,hono,0.238
2018-10-31T07:25:00Z,21.307,-157.867,hono,0.243
2018-10-31T07:26:00Z,21.307,-157.867,hono,0.242
2018-10-31T07:27:00Z,21.307,-157.867,hono,0.236
2018-10-31T07:28:00Z,21.307,-157.867,hono,0.241
2018-10-31T07:29:00Z,21.307,-157.867,hono,0.228
2018-10-31T07:30:00Z,21.307,-157.867,hono,0.233
2018-10-31T07:31:00Z,21.307,-157.867,hono,0.242
2018-10-31T07:32:00Z,21.307,-157.867,hono,0.237
2018-10-31T07:33:00Z,21.307,-157.867,hono,0.219
2018-10-31T07:34:00Z,21.307,-157.867,hono,0.243
2018-10-31T07:35:00Z,21.307,-157.867,hono,0.246
2018-10-31T07:36:00Z,21.307,-157.867,hono,0.226
2018-10-31T07:37:00Z,21.307,-157.867,hono,0.233
2018-10-31T07:38:00Z,21.307,-157.867,hono,0.228
2018-10-31T07:39:00Z,21.307,-157.867,hono,0.233
2018-10-31T07:40:00Z,21.307,-157.867,hono,0.234
2018-10-31T07:41:00Z,21.307,-157.867,hono,0.234
2018-10-31T07:42:00Z,21.307,-157.867,hono,0.244
2018-10-31T07:43:00Z,21.307,-157.867,hono,0.24
2018-10-31T07:44:00Z,21.307,-157.867,hono,0.247
2018-10-31T07:45:00Z,21.307,-157.867,hono,0.241
2018-10-31T07:46:00Z,21.307,-157.867,hono,0.246
2018-10-31T07:47:00Z,21.307,-157.867,hono,0.238
2018-10-31T07:48:00Z,21.307,-157.867,hono,0.249
2018-10-31T07:49:00Z,21.307,-157.867,hono,0.245
2018-10-31T07:50:00Z,21.307,-157.867,hono,0.234
2018-10-31T07:51:00Z,21.307,-157.867,hono,0.248
2018-10-31T07:52:00Z,21.307,-157.867,hono,0.25
2018-10-31T07:53:00Z,21.307,-157.867,hono,0.251
2018-10-31T07:54:00Z,21.307,-157.867,hono,0.247
2018-10-31T07:55:00Z,21.307,-157.867,hono,0.249
2018-10-31T07:56:00Z,21.307,-157.867,hono,0.253
2018-10-31T07:57:00Z,21.307,-157.867,hono,0.245
2018-10-31T07:58:00Z,21.307,-157.867,hono,0.235
2018-10-31T07:59:00Z,21.307,-157.867,hono,0.249
2018-10-31T08:00:00Z,21.307,-157.867,hono,0.249
2018-10-31T08:01:00Z,21.307,-157.867,hono,0.251
2018-10-31T08:02:00Z,21.307,-157.867,hono,0.246
2018-10-31T08:03:00Z,21.307,-157.867,hono,0.257
2018-10-31T08:04:00Z,21.307,-157.867,hono,0.262
2018-10-31T08:05:00Z,21.307,-157.867,hono,0.259
2018-10-31T08:06:00Z,21.307,-157.867,hono,0.252
2018-10-31T08:07:00Z,21.307,-157.867,hono,0.261
2018-10-31T08:08:00Z,21.307,-157.867,hono,0.263
2018-10-31T08:09:00Z,21.307,-157.867,hono,0.256
2018-10-31T08:10:00Z,21.307,-157.867,hono,0.257
2018-10-31T08:11:00Z,21.307,-157.867,hono,0.252
2018-10-31T08:12:00Z,21.307,-157.867,hono,0.258
2018-10-31T08:13:00Z,21.307,-157.867,hono,0.254
2018-10-31T08:14:00Z,21.307,-157.867,hono,0.259
2018-10-31T08:15:00Z,21.307,-157.867,hono,0.255
2018-10-31T08:16:00Z,21.307,-157.867,hono,0.256
2018-10-31T08:17:00Z,21.307,-157.867,hono,0.248
2018-10-31T08:18:00Z,21.307,-157.867,hono,0.244
2018-10-31T08:19:00Z,21.307,-157.867,hono,0.251
2018-10-31T08:20:00Z,21.307,-157.867,hono,0.252
2018-10-31T08:21:00Z,21.307,-157.867,hono,0.231
2018-10-31T08:22:00Z,21.307,-157.867,hono,0.236
2018-10-31T08:23:00Z,21.307,-157.867,hono,0.242
2018-10-31T08:24:00Z,21.307,-157.867,hono,0.25
2018-10-31T08:25:00Z,21.307,-157.867,hono,0.243
2018-10-31T08:26:00Z,21.307,-157.867,hono,0.248
2018-10-31T08:27:00Z,21.307,-157.867,hono,0.25
2018-10-31T08:28:00Z,21.307,-157.867,hono,0.257
2018-10-31T08:29:00Z,21.307,-157.867,hono,0.252
2018-10-31T08:30:00Z,21.307,-157.867,hono,0.248
2018-10-31T08:31:00Z,21.307,-157.867,hono,0.261
2018-10-31T08:32:00Z,21.307,-157.867,hono,0.259
2018-10-31T08:33:00Z,21.307,-157.867,hono,0.26
2018-10-31T08:34:00Z,21.307,-157.867,hono,0.26
2018-10-31T08:35:00Z,21.307,-157.867,hono,0.257
2018-10-31T08:36:00Z,21.307,-157.867,hono,0.266
2018-10-31T08:37:00Z,21.307,-157.867,hono,0.272
2018-10-31T08:38:00Z,21.307,-157.867,hono,0.259
2018-10-31T08:39:00Z,21.307,-157.867,hono,0.256
2018-10-31T08:40:00Z,21.307,-157.867,hono,0.268
2018-10-31T08:41:00Z,21.307,-157.867,hono,0.262
2018-10-31T08:42:00Z,21.307,-157.867,hono,0.247
2018-10-31T08:43:00Z,21.307,-157.867,hono,0.256
2018-10-31T08:44:00Z,21.307,-157.867,hono,0.253
2018-10-31T08:45:00Z,21.307,-157.867,hono,0.249
2018-10-31T08:46:00Z,21.307,-157.867,hono,0.25
2018-10-31T08:47:00Z,21.307,-157.867,hono,0.258
2018-10-31T08:48:00Z,21.307,-157.867,hono,0.26
2018-10-31T08:49:00Z,21.307,-157.867,hono,0.257
2018-10-31T08:50:00Z,21.307,-157.867,hono,0.256
2018-10-31T08:51:00Z,21.307,-157.867,hono,0.267
2018-10-31T08:52:00Z,21.307,-157.867,hono,0.271
2018-10-31T08:53:00Z,21.307,-157.867,hono,0.256
2018-10-31T08:54:00Z,21.307,-157.867,hono,0.254
2018-10-31T08:55:00Z,21.307,-157.867,hono,0.253
2018-10-31T08:56:00Z,21.307,-157.867,hono,0.243
2018-10-31T08:57:00Z,21.307,-157.867,hono,0.229
2018-10-31T08:58:00Z,21.307,-157.867,hono,0.253
2018-10-31T08:59:00Z,21.307,-157.867,hono,0.252
2018-10-31T09:00:00Z,21.307,-157.867,hono,0.259
2018-10-31T09:01:00Z,21.307,-157.867,hono,0.249
2018-10-31T09:02:00Z,21.307,-157.867,hono,0.277
2018-10-31T09:03:00Z,21.307,-157.867,hono,0.263
2018-10-31T09:04:00Z,21.307,-157.867,hono,0.251
2018-10-31T09:05:00Z,21.307,-157.867,hono,0.255
2018-10-31T09:06:00Z,21.307,-157.867,hono,0.254
2018-10-31T09:07:00Z,21.307,-157.867,hono,0.248
2018-10-31T09:08:00Z,21.307,-157.867,hono,0.242
2018-10-31T09:09:00Z,21.307,-157.867,hono,0.241
2018-10-31T09:10:00Z,21.307,-157.867,hono,0.235
2018-10-31T09:11:00Z,21.307,-157.867,hono,0.247
2018-10-31T09:12:00Z,21.307,-157.867,hono,0.232
2018-10-31T09:13:00Z,21.307,-157.867,hono,0.238
2018-10-31T09:14:00Z,21.307,-157.867,hono,0.24
2018-10-31T09:15:00Z,21.307,-157.867,hono,0.238
2018-10-31T09:16:00Z,21.307,-157.867,hono,0.239
2018-10-31T09:17:00Z,21.307,-157.867,hono,0.25
2018-10-31T09:18:00Z,21.307,-157.867,hono,0.248
2018-10-31T09:19:00Z,21.307,-157.867,hono,0.253
2018-10-31T09:20:00Z,21.307,-157.867,hono,0.255
2018-10-31T09:21:00Z,21.307,-157.867,hono,0.253
2018-10-31T09:22:00Z,21.307,-157.867,hono,0.267
2018-10-31T09:23:00Z,21.307,-157.867,hono,0.265
2018-10-31T09:24:00Z,21.307,-157.867,hono,0.247
2018-10-31T09:25:00Z,21.307,-157.867,hono,0.258
2018-10-31T09:26:00Z,21.307,-157.867,hono,0.27
2018-10-31T09:27:00Z,21.307,-157.867,hono,0.253
2018-10-31T09:28:00Z,21.307,-157.867,hono,0.248
2018-10-31T09:29:00Z,21.307,-157.867,hono,0.266
2018-10-31T09:30:00Z,21.307,-157.867,hono,0.254
2018-10-31T09:31:00Z,21.307,-157.867,hono,0.253
2018-10-31T09:32:00Z,21.307,-157.867,hono,0.252
2018-10-31T09:33:00Z,21.307,-157.867,hono,0.254
2018-10-31T09:34:00Z,21.307,-157.867,hono,0.247
2018-10-31T09:35:00Z,21.307,-157.867,hono,0.246
2018-10-31T09:36:00Z,21.307,-157.867,hono,0.247
2018-10-31T09:37:00Z,21.307,-157.867,hono,0.249
2018-10-31T09:38:00Z,21.307,-157.867,hono,0.246
2018-10-31T09:39:00Z,21.307,-157.867,hono,0.234
2018-10-31T09:40:00Z,21.307,-157.867,hono,0.25
2018-10-31T09:41:00Z,21.307,-157.867,hono,0.241
2018-10-31T09:42:00Z,21.307,-157.867,hono,0.241
2018-10-31T09:43:00Z,21.307,-157.867,hono,0.227
2018-10-31T09:44:00Z,21.307,-157.867,hono,0.231
2018-10-31T09:45:00Z,21.307,-157.867,hono,0.242
2018-10-31T09:46:00Z,21.307,-157.867,hono,0.225
2018-10-31T09:47:00Z,21.307,-157.867,hono,0.226
2018-10-31T09:48:00Z,21.307,-157.867,hono,0.234
2018-10-31T09:49:00Z,21.307,-157.867,hono,0.241
2018-10-31T09:50:00Z,21.307,-157.867,hono,0.231
2018-10-31T09:51:00Z,21.307,-157.867,hono,0.233
2018-10-31T09:52:00Z,21.307,-157.867,hono,0.222
2018-10-31T09:53:00Z,21.307,-157.867,hono,0.234
2018-10-31T09:54:00Z,21.307,-157.867,hono,0.227
2018-10-31T09:55:00Z,21.307,-157.867,hono,0.218
2018-10-31T09:56:00Z,21.307,-157.867,hono,0.222
2018-10-31T09:57:00Z,21.307,-157.867,hono,0.227
2018-10-31T09:58:00Z,21.307,-157.867,hono,0.221
2018-10-31T09:59:00Z,21.307,-157.867,hono,0.221
2018-10-31T10:00:00Z,21.307,-157.867,hono,0.22
2018-10-31T10:01:00Z,21.307,-157.867,hono,0.223
2018-10-31T10:02:00Z,21.307,-157.867,hono,0.221
2018-10-31T10:03:00Z,21.307,-157.867,hono,0.224
2018-10-31T10:04:00Z,21.307,-157.867,hono,0.215
2018-10-31T10:05:00Z,21.307,-157.867,hono,0.221
2018-10-31T10:06:00Z,21.307,-157.867,hono,0.228
2018-10-31T10:07:00Z,21.307,-157.867,hono,0.23
2018-10-31T10:08:00Z,21.307,-157.867,hono,0.224
2018-10-31T10:09:00Z,21.307,-157.867,hono,0.228
2018-10-31T10:10:00Z,21.307,-157.867,hono,0.23
2018-10-31T10:11:00Z,21.307,-157.867,hono,0.234
2018-10-31T10:12:00Z,21.307,-157.867,hono,0.224
2018-10-31T10:13:00Z,21.307,-157.867,hono,0.234
2018-10-31T10:14:00Z,21.307,-157.867,hono,0.222
2018-10-31T10:15:00Z,21.307,-157.867,hono,0.233
2018-10-31T10:16:00Z,21.307,-157.867,hono,0.227
2018-10-31T10:17:00Z,21.307,-157.867,hono,0.231
2018-10-31T10:18:00Z,21.307,-157.867,hono,0.224
2018-10-31T10:19:00Z,21.307,-157.867,hono,0.237
2018-10-31T10:20:00Z,21.307,-157.867,hono,0.239
2018-10-31T10:21:00Z,21.307,-157.867,hono,0.221
2018-10-31T10:22:00Z,21.307,-157.867,hono,0.233
2018-10-31T10:23:00Z,21.307,-157.867,hono,0.227
2018-10-31T10:24:00Z,21.307,-157.867,hono,0.226
2018-10-31T10:25:00Z,21.307,-157.867,hono,0.222
2018-10-31T10:26:00Z,21.307,-157.867,hono,0.222
2018-10-31T10:27:00Z,21.307,-157.867,hono,0.222
2018-10-31T10:28:00Z,21.307,-157.867,hono,0.224
2018-10-31T10:29:00Z,21.307,-157.867,hono,0.219
2018-10-31T10:30:00Z,21.307,-157.867,hono,0.218
2018-10-31T10:31:00Z,21.307,-157.867,hono,0.218
2018-10-31T10:32:00Z,21.307,-157.867,hono,0.215
2018-10-31T10:33:00Z,21.307,-157.867,hono,0.214
2018-10-31T10:34:00Z,21.307,-157.867,hono,0.212
2018-10-31T10:35:00Z,21.307,-157.867,hono,0.205
2018-10-31T10:36:00Z,21.307,-157.867,hono,0.21
2018-10-31T10:37:00Z,21.307,-157.867,hono,0.216
2018-10-31T10:38:00Z,21.307,-157.867,hono,0.223
2018-10-31T10:39:00Z,21.307,-157.867,hono,0.2
2018-10-31T10:40:00Z,21.307,-157.867,hono,0.219
2018-10-31T10:41:00Z,21.307,-157.867,hono,0.216
2018-10-31T10:42:00Z,21.307,-157.867,hono,0.22
2018-10-31T10:43:00Z,21.307,-157.867,hono,0.205
2018-10-31T10:44:00Z,21.307,-157.867,hono,0.203
2018-10-31T10:45:00Z,21.307,-157.867,hono,0.207
2018-10-31T10:46:00Z,21.307,-157.867,hono,0.207
2018-10-31T10:47:00Z,21.307,-157.867,hono,0.201
2018-10-31T10:48:00Z,21.307,-157.867,hono,0.203
2018-10-31T10:49:00Z,21.307,-157.867,hono,0.203
2018-10-31T10:50:00Z,21.307,-157.867,hono,0.206
2018-10-31T10:51:00Z,21.307,-157.867,hono,0.192
2018-10-31T10:52:00Z,21.307,-157.867,hono,0.206
2018-10-31T10:53:00Z,21.307,-157.867,hono,0.203
2018-10-31T10:54:00Z,21.307,-157.867,hono,0.205
2018-10-31T10:55:00Z,21.307,-157.867,hono,0.207
2018-10-31T10:56:00Z,21.307,-157.867,hono,0.209
2018-10-31T10:57:00Z,21.307,-157.867,hono,0.211
2018-10-31T10:58:00Z,21.307,-157.867,hono,0.217
2018-10-31T10:59:00Z,21.307,-157.867,hono,0.22
2018-10-31T11:00:00Z,21.307,-157.867,hono,0.209
2018-10-31T11:01:00Z,21.307,-157.867,hono,0.22
2018-10-31T11:02:00Z,21.307,-157.867,hono,0.223
2018-10-31T11:03:00Z,21.307,-157.867,hono,0.22
2018-10-31T11:04:00Z,21.307,-157.867,hono,0.211
2018-10-31T11:05:00Z,21.307,-157.867,hono,0.214
2018-10-31T11:06:00Z,21.307,-157.867,hono,0.222
2018-10-31T11:07:00Z,21.307,-157.867,hono,0.219
2018-10-31T11:08:00Z,21.307,-157.867,hono,0.214
2018-10-31T11:09:00Z,21.307,-157.867,hono,0.22
2018-10-31T11:10:00Z,21.307,-157.867,hono,0.217
2018-10-31T11:11:00Z,21.307,-157.867,hono,0.219
2018-10-31T11:12:00Z,21.307,-157.867,hono,0.212
2018-10-31T11:13:00Z,21.307,-157.867,hono,0.217
2018-10-31T11:14:00Z,21.307,-157.867,hono,0.217
2018-10-31T11:15:00Z,21.307,-157.867,hono,0.215
2018-10-31T11:16:00Z,21.307,-157.867,hono,0.22
2018-10-31T11:17:00Z,21.307,-157.867,hono,0.236
2018-10-31T11:18:00Z,21.307,-157.867,hono,0.228
2018-10-31T11:19:00Z,21.307,-157.867,hono,0.227
2018-10-31T11:20:00Z,21.307,-157.867,hono,0.231
2018-10-31T11:21:00Z,21.307,-157.867,hono,0.223
2018-10-31T11:22:00Z,21.307,-157.867,hono,0.224
2018-10-31T11:23:00Z,21.307,-157.867,hono,0.225
2018-10-31T11:24:00Z,21.307,-157.867,hono,0.227
2018-10-31T11:25:00Z,21.307,-157.867,hono,0.221
2018-10-31T11:26:00Z,21.307,-157.867,hono,0.229
2018-10-31T11:27:00Z,21.307,-157.867,hono,0.224
2018-10-31T11:28:00Z,21.307,-157.867,hono,0.225
2018-10-31T11:29:00Z,21.307,-157.867,hono,0.229
2018-10-31T11:30:00Z,21.307,-157.867,hono,0.217
2018-10-31T11:31:00Z,21.307,-157.867,hono,0.223
2018-10-31T11:32:00Z,21.307,-157.867,hono,0.218
2018-10-31T11:33:00Z,21.307,-157.867,hono,0.22
2018-10-31T11:34:00Z,21.307,-157.867,hono,0.217
2018-10-31T11:35:00Z,21.307,-157.867,hono,0.217
2018-10-31T11:36:00Z,21.307,-157.867,hono,0.226
2018-10-31T11:37:00Z,21.307,-157.867,hono,0.232
2018-10-31T11:38:00Z,21.307,-157.867,hono,0.219
2018-10-31T11:39:00Z,21.307,-157.867,hono,0.233
2018-10-31T11:40:00Z,21.307,-157.867,hono,0.247
2018-10-31T11:41:00Z,21.307,-157.867,hono,0.242
2018-10-31T11:42:00Z,21.307,-157.867,hono,0.235
2018-10-31T11:43:00Z,21.307,-157.867,hono,0.242
2018-10-31T11:44:00Z,21.307,-157.867,hono,0.236
2018-10-31T11:45:00Z,21.307,-157.867,hono,0.242
2018-10-31T11:46:00Z,21.307,-157.867,hono,0.237
2018-10-31T11:47:00Z,21.307,-157.867,hono,0.231
2018-10-31T11:48:00Z,21.307,-157.867,hono,0.23
2018-10-31T11:49:00Z,21.307,-157.867,hono,0.235
2018-10-31T11:50:00Z,21.307,-157.867,hono,0.223
2018-10-31T11:51:00Z,21.307,-157.867,hono,0.214
2018-10-31T11:52:00Z,21.307,-157.867,hono,0.224
2018-10-31T11:53:00Z,21.307,-157.867,hono,0.214
2018-10-31T11:54:00Z,21.307,-157.867,hono,0.211
2018-10-31T11:55:00Z,21.307,-157.867,hono,0.21
2018-10-31T11:56:00Z,21.307,-157.867,hono,0.212
2018-10-31T11:57:00Z,21.307,-157.867,hono,0.21
2018-10-31T11:58:00Z,21.307,-157.867,hono,0.217
2018-10-31T11:59:00Z,21.307,-157.867,hono,0.22
2018-10-31T12:00:00Z,21.307,-157.867,hono,0.221
2018-10-31T12:01:00Z,21.307,-157.867,hono,0.223
2018-10-31T12:02:00Z,21.307,-157.867,hono,0.229
2018-10-31T12:03:00Z,21.307,-157.867,hono,0.229
2018-10-31T12:04:00Z,21.307,-157.867,hono,0.224
2018-10-31T12:05:00Z,21.307,-157.867,hono,0.222
2018-10-31T12:06:00Z,21.307,-157.867,hono,0.224
2018-10-31T12:07:00Z,21.307,-157.867,hono,0.214
2018-10-31T12:08:00Z,21.307,-157.867,hono,0.217
2018-10-31T12:09:00Z,21.307,-157.867,hono,0.209
2018-10-31T12:10:00Z,21.307,-157.867,hono,0.208
2018-10-31T12:11:00Z,21.307,-157.867,hono,0.209
2018-10-31T12:12:00Z,21.307,-157.867,hono,0.21
2018-10-31T12:13:00Z,21.307,-157.867,hono,0.205
2018-10-31T12:14:00Z,21.307,-157.867,hono,0.2
2018-10-31T12:15:00Z,21.307,-157.867,hono,0.216
2018-10-31T12:16:00Z,21.307,-157.867,hono,0.209
2018-10-31T12:17:00Z,21.307,-157.867,hono,0.207
2018-10-31T12:18:00Z,21.307,-157.867,hono,0.206
2018-10-31T12:19:00Z,21.307,-157.867,hono,0.231
2018-10-31T12:20:00Z,21.307,-157.867,hono,0.216
2018-10-31T12:21:00Z,21.307,-157.867,hono,0.223
2018-10-31T12:22:00Z,21.307,-157.867,hono,0.224
2018-10-31T12:23:00Z,21.307,-157.867,hono,0.22
2018-10-31T12:24:00Z,21.307,-157.867,hono,0.23
2018-10-31T12:25:00Z,21.307,-157.867,hono,0.218
2018-10-31T12:26:00Z,21.307,-157.867,hono,0.223
2018-10-31T12:27:00Z,21.307,-157.867,hono,0.226
2018-10-31T12:28:00Z,21.307,-157.867,hono,0.212
2018-10-31T12:29:00Z,21.307,-157.867,hono,0.217
2018-10-31T12:30:00Z,21.307,-157.867,hono,0.224
2018-10-31T12:31:00Z,21.307,-157.867,hono,0.212
2018-10-31T12:32:00Z,21.307,-157.867,hono,0.214
2018-10-31T12:33:00Z,21.307,-157.867,hono,0.216
2018-10-31T12:34:00Z,21.307,-157.867,hono,0.216
2018-10-31T12:35:00Z,21.307,-157.867,hono,0.216
2018-10-31T12:36:00Z,21.307,-157.867,hono,0.222
2018-10-31T12:37:00Z,21.307,-157.867,hono,0.23
2018-10-31T12:38:00Z,21.307,-157.867,hono,0.217
2018-10-31T12:39:00Z,21.307,-157.867,hono,0.216
2018-10-31T12:40:00Z,21.307,-157.867,hono,0.224
2018-10-31T12:41:00Z,21.307,-157.867,hono,0.229
2018-10-31T12:42:00Z,21.307,-157.867,hono,0.215
2018-10-31T12:43:00Z,21.307,-157.867,hono,0.22
2018-10-31T12:44:00Z,21.307,-157.867,hono,0.224
2018-10-31T12:45:00Z,21.307,-157.867,hono,0.219
2018-10-31T12:46:00Z,21.307,-157.867,hono,0.227
2018-10-31T12:47:00Z,21.307,-157.867,hono,0.22
2018-10-31T12:48:00Z,21.307,-157.867,hono,0.22
2018-10-31T12:49:00Z,21.307,-157.867,hono,0.219
2018-10-31T12:50:00Z,21.307,-157.867,hono,0.225
2018-10-31T12:51:00Z,21.307,-157.867,hono,0.218
2018-10-31T12:52:00Z,21.307,-157.867,hono,0.215
2018-10-31T12:53:00Z,21.307,-157.867,hono,0.213
2018-10-31T12:54:00Z,21.307,-157.867,hono,0.216
2018-10-31T12:55:00Z,21.307,-157.867,hono,0.216
2018-10-31T12:56:00Z,21.307,-157.867,hono,0.217
2018-10-31T12:57:00Z,21.307,-157.867,hono,0.217
2018-10-31T12:58:00Z,21.307,-157.867,hono,0.21
2018-10-31T12:59:00Z,21.307,-157.867,hono,0.222
2018-10-31T13:00:00Z,21.307,-157.867,hono,0.222
2018-10-31T13:01:00Z,21.307,-157.867,hono,0.219
2018-10-31T13:02:00Z,21.307,-157.867,hono,0.223
2018-10-31T13:03:00Z,21.307,-157.867,hono,0.23
2018-10-31T13:04:00Z,21.307,-157.867,hono,0.226
2018-10-31T13:05:00Z,21.307,-157.867,hono,0.235
2018-10-31T13:06:00Z,21.307,-157.867,hono,0.231
2018-10-31T13:07:00Z,21.307,-157.867,hono,0.235
2018-10-31T13:08:00Z,21.307,-157.867,hono,0.239
2018-10-31T13:09:00Z,21.307,-157.867,hono,0.23
2018-10-31T13:10:00Z,21.307,-157.867,hono,0.228
2018-10-31T13:11:00Z,21.307,-157.867,hono,0.239
2018-10-31T13:12:00Z,21.307,-157.867,hono,0.231
2018-10-31T13:13:00Z,21.307,-157.867,hono,0.222
2018-10-31T13:14:00Z,21.307,-157.867,hono,0.217
2018-10-31T13:15:00Z,21.307,-157.867,hono,0.221
2018-10-31T13:16:00Z,21.307,-157.867,hono,0.223
2018-10-31T13:17:00Z,21.307,-157.867,hono,0.216
2018-10-31T13:18:00Z,21.307,-157.867,hono,0.216
2018-10-31T13:19:00Z,21.307,-157.867,hono,0.222
2018-10-31T13:20:00Z,21.307,-157.867,hono,0.222
2018-10-31T13:21:00Z,21.307,-157.867,hono,0.225
2018-10-31T13:22:00Z,21.307,-157.867,hono,0.229
2018-10-31T13:23:00Z,21.307,-157.867,hono,0.23
2018-10-31T13:24:00Z,21.307,-157.867,hono,0.229
2018-10-31T13:25:00Z,21.307,-157.867,hono,0.234
2018-10-31T13:26:00Z,21.307,-157.867,hono,0.225
2018-10-31T13:27:00Z,21.307,-157.867,hono,0.239
2018-10-31T13:28:00Z,21.307,-157.867,hono,0.236
2018-10-31T13:29:00Z,21.307,-157.867,hono,0.238
2018-10-31T13:30:00Z,21.307,-157.867,hono,0.236
2018-10-31T13:31:00Z,21.307,-157.867,hono,0.234
2018-10-31T13:32:00Z,21.307,-157.867,hono,0.236
2018-10-31T13:33:00Z,21.307,-157.867,hono,0.228
2018-10-31T13:34:00Z,21.307,-157.867,hono,0.234
2018-10-31T13:35:00Z,21.307,-157.867,hono,0.22
2018-10-31T13:36:00Z,21.307,-157.867,hono,0.226
2018-10-31T13:37:00Z,21.307,-157.867,hono,0.227
2018-10-31T13:38:00Z,21.307,-157.867,hono,0.223
2018-10-31T13:39:00Z,21.307,-157.867,hono,0.229
2018-10-31T13:40:00Z,21.307,-157.867,hono,0.236
2018-10-31T13:41:00Z,21.307,-157.867,hono,0.228
2018-10-31T13:42:00Z,21.307,-157.867,hono,0.221
2018-10-31T13:43:00Z,21.307,-157.867,hono,0.228
2018-10-31T13:44:00Z,21.307,-157.867,hono,0.225
2018-10-31T13:45:00Z,21.307,-157.867,hono,0.231
2018-10-31T13:46:00Z,21.307,-157.867,hono,0.227
2018-10-31T13:47:00Z,21.307,-157.867,hono,0.234
2018-10-31T13:48:00Z,21.307,-157.867,hono,0.23
2018-10-31T13:49:00Z,21.307,-157.867,hono,0.243
2018-10-31T13:50:00Z,21.307,-157.867,hono,0.238
2018-10-31T13:51:00Z,21.307,-157.867,hono,0.242
2018-10-31T13:52:00Z,21.307,-157.867,hono,0.23
2018-10-31T13:53:00Z,21.307,-157.867,hono,0.233
2018-10-31T13:54:00Z,21.307,-157.867,hono,0.234
2018-10-31T13:55:00Z,21.307,-157.867,hono,0.242
2018-10-31T13:56:00Z,21.307,-157.867,hono,0.241
2018-10-31T13:57:00Z,21.307,-157.867,hono,0.252
2018-10-31T13:58:00Z,21.307,-157.867,hono,0.255
2018-10-31T13:59:00Z,21.307,-157.867,hono,0.25
2018-10-31T14:00:00Z,21.307,-157.867,hono,0.256
2018-10-31T14:01:00Z,21.307,-157.867,hono,0.257
2018-10-31T14:02:00Z,21.307,-157.867,hono,0.255
2018-10-31T14:03:00Z,21.307,-157.867,hono,0.25
2018-10-31T14:04:00Z,21.307,-157.867,hono,0.258
2018-10-31T14:05:00Z,21.307,-157.867,hono,0.252
2018-10-31T14:06:00Z,21.307,-157.867,hono,0.259
2018-10-31T14:07:00Z,21.307,-157.867,hono,0.266
2018-10-31T14:08:00Z,21.307,-157.867,hono,0.262
2018-10-31T14:09:00Z,21.307,-157.867,hono,0.261
2018-10-31T14:10:00Z,21.307,-157.867,hono,0.261
2018-10-31T14:11:00Z,21.307,-157.867,hono,0.267
2018-10-31T14:12:00Z,21.307,-157.867,hono,0.248
2018-10-31T14:13:00Z,21.307,-157.867,hono,0.25
2018-10-31T14:14:00Z,21.307,-157.867,hono,0.246
2018-10-31T14:15:00Z,21.307,-157.867,hono,0.254
2018-10-31T14:16:00Z,21.307,-157.867,hono,0.243
2018-10-31T14:17:00Z,21.307,-157.867,hono,0.251
2018-10-31T14:18:00Z,21.307,-157.867,hono,0.255
2018-10-31T14:19:00Z,21.307,-157.867,hono,0.257
2018-10-31T14:20:00Z,21.307,-157.867,hono,0.256
2018-10-31T14:21:00Z,21.307,-157.867,hono,0.249
2018-10-31T14:22:00Z,21.307,-157.867,hono,0.258
2018-10-31T14:23:00Z,21.307,-157.867,hono,0.251
2018-10-31T14:24:00Z,21.307,-157.867,hono,0.25
2018-10-31T14:25:00Z,21.307,-157.867,hono,0.259
2018-10-31T14:26:00Z,21.307,-157.867,hono,0.252
2018-10-31T14:27:00Z,21.307,-157.867,hono,0.259
2018-10-31T14:28:00Z,21.307,-157.867,hono,0.259
2018-10-31T14:29:00Z,21.307,-157.867,hono,0.262
2018-10-31T14:30:00Z,21.307,-157.867,hono,0.257
2018-10-31T14:31:00Z,21.307,-157.867,hono,0.257
2018-10-31T14:32:00Z,21.307,-157.867,hono,0.261
2018-10-31T14:33:00Z,21.307,-157.867,hono,0.262
2018-10-31T14:34:00Z,21.307,-157.867,hono,0.259
2018-10-31T14:35:00Z,21.307,-157.867,hono,0.258
2018-10-31T14:36:00Z,21.307,-157.867,hono,0.259
2018-10-31T14:37:00Z,21.307,-157.867,hono,0.267
2018-10-31T14:38:00Z,21.307,-157.867,hono,0.26
2018-10-31T14:39:00Z,21.307,-157.867,hono,0.264
2018-10-31T14:40:00Z,21.307,-157.867,hono,0.269
2018-10-31T14:41:00Z,21.307,-157.867,hono,0.273
2018-10-31T14:42:00Z,21.307,-157.867,hono,0.272
2018-10-31T14:43:00Z,21.307,-157.867,hono,0.272
2018-10-31T14:44:00Z,21.307,-157.867,hono,0.277
2018-10-31T14:45:00Z,21.307,-157.867,hono,0.277
2018-10-31T14:46:00Z,21.307,-157.867,hono,0.282
2018-10-31T14:47:00Z,21.307,-157.867,hono,0.279
2018-10-31T14:48:00Z,21.307,-157.867,hono,0.279
2018-10-31T14:49:00Z,21.307,-157.867,hono,0.289
2018-10-31T14:50:00Z,21.307,-157.867,hono,0.278
2018-10-31T14:51:00Z,21.307,-157.867,hono,0.283
2018-10-31T14:52:00Z,21.307,-157.867,hono,0.282
2018-10-31T14:53:00Z,21.307,-157.867,hono,0.283
2018-10-31T14:54:00Z,21.307,-157.867,hono,0.28
2018-10-31T14:55:00Z,21.307,-157.867,hono,0.284
2018-10-31T14:56:00Z,21.307,-157.867,hono,0.272
2018-10-31T14:57:00Z,21.307,-157.867,hono,0.297
2018-10-31T14:58:00Z,21.307,-157.867,hono,0.287
2018-10-31T14:59:00Z,21.307,-157.867,hono,0.283
2018-10-31T15:00:00Z,21.307,-157.867,hono,0.28
2018-10-31T15:01:00Z,21.307,-157.867,hono,0.289
2018-10-31T15:02:00Z,21.307,-157.867,hono,0.29
2018-10-31T15:03:00Z,21.307,-157.867,hono,0.287
2018-10-31T15:04:00Z,21.307,-157.867,hono,0.291
2018-10-31T15:05:00Z,21.307,-157.867,hono,0.297
2018-10-31T15:06:00Z,21.307,-157.867,hono,0.299
2018-10-31T15:07:00Z,21.307,-157.867,hono,0.304
2018-10-31T15:08:00Z,21.307,-157.867,hono,0.302
2018-10-31T15:09:00Z,21.307,-157.867,hono,0.308
2018-10-31T15:10:00Z,21.307,-157.867,hono,0.298
2018-10-31T15:11:00Z,21.307,-157.867,hono,0.311
2018-10-31T15:12:00Z,21.307,-157.867,hono,0.309
2018-10-31T15:13:00Z,21.307,-157.867,hono,0.303
2018-10-31T15:14:00Z,21.307,-157.867,hono,0.306
2018-10-31T15:15:00Z,21.307,-157.867,hono,0.311
2018-10-31T15:16:00Z,21.307,-157.867,hono,0.31
2018-10-31T15:17:00Z,21.307,-157.867,hono,0.312
2018-10-31T15:18:00Z,21.307,-157.867,hono,0.319
2018-10-31T15:19:00Z,21.307,-157.867,hono,0.321
2018-10-31T15:20:00Z,21.307,-157.867,hono,0.313
2018-10-31T15:21:00Z,21.307,-157.867,hono,0.32
2018-10-31T15:22:00Z,21.307,-157.867,hono,0.319
2018-10-31T15:23:00Z,21.307,-157.867,hono,0.325
2018-10-31T15:24:00Z,21.307,-157.867,hono,0.32
2018-10-31T15:25:00Z,21.307,-157.867,hono,0.323
2018-10-31T15:26:00Z,21.307,-157.867,hono,0.33
2018-10-31T15:27:00Z,21.307,-157.867,hono,0.332
2018-10-31T15:28:00Z,21.307,-157.867,hono,0.332
2018-10-31T15:29:00Z,21.307,-157.867,hono,0.328
2018-10-31T15:30:00Z,21.307,-157.867,hono,0.328
2018-10-31T15:31:00Z,21.307,-157.867,hono,0.334
2018-10-31T15:32:00Z,21.307,-157.867,hono,0.326
2018-10-31T15:33:00Z,21.307,-157.867,hono,0.329
2018-10-31T15:34:00Z,21.307,-157.867,hono,0.337
2018-10-31T15:35:00Z,21.307,-157.867,hono,0.336
2018-10-31T15:36:00Z,21.307,-157.867,hono,0.336
2018-10-31T15:37:00Z,21.307,-157.867,hono,0.333
2018-10-31T15:38:00Z,21.307,-157.867,hono,0.344
2018-10-31T15:39:00Z,21.307,-157.867,hono,0.346
2018-10-31T15:40:00Z,21.307,-157.867,hono,0.344
2018-10-31T15:41:00Z,21.307,-157.867,hono,0.347
2018-10-31T15:42:00Z,21.307,-157.867,hono,0.355
2018-10-31T15:43:00Z,21.307,-157.867,hono,0.356
2018-10-31T15:44:00Z,21.307,-157.867,hono,0.362
2018-10-31T15:45:00Z,21.307,-157.867,hono,0.363
2018-10-31T15:46:00Z,21.307,-157.867,hono,0.364
2018-10-31T15:47:00Z,21.307,-157.867,hono,0.371
2018-10-31T15:48:00Z,21.307,-157.867,hono,0.367
2018-10-31T15:49:00Z,21.307,-157.867,hono,0.375
2018-10-31T15:50:00Z,21.307,-157.867,hono,0.365
2018-10-31T15:51:00Z,21.307,-157.867,hono,0.363
2018-10-31T15:52:00Z,21.307,-157.867,hono,0.374
2018-10-31T15:53:00Z,21.307,-157.867,hono,0.366
2018-10-31T15:54:00Z,21.307,-157.867,hono,0.364
2018-10-31T15:55:00Z,21.307,-157.867,hono,0.37
2018-10-31T15:56:00Z,21.307,-157.867,hono,0.375
2018-10-31T15:57:00Z,21.307,-157.867,hono,0.378
2018-10-31T15:58:00Z,21.307,-157.867,hono,0.376
2018-10-31T15:59:00Z,21.307,-157.867,hono,0.38
2018-10-31T16:00:00Z,21.307,-157.867,hono,0.387
2018-10-31T16:01:00Z,21.307,-157.867,hono,0.376
2018-10-31T16:02:00Z,21.307,-157.867,hono,0.375
2018-10-31T16:03:00Z,21.307,-157.867,hono,0.393
2018-10-31T16:04:00Z,21.307,-157.867,hono,0.387
2018-10-31T16:05:00Z,21.307,-157.867,hono,0.393
2018-10-31T16:06:00Z,21.307,-157.867,hono,0.399
2018-10-31T16:07:00Z,21.307,-157.867,hono,0.405
2018-10-31T16:08:00Z,21.307,-157.867,hono,0.407
2018-10-31T16:09:00Z,21.307,-157.867,hono,0.407
2018-10-31T16:10:00Z,21.307,-157.867,hono,0.414
2018-10-31T16:11:00Z,21.307,-157.867,hono,0.407
2018-10-31T16:12:00Z,21.307,-157.867,hono,0.411
2018-10-31T16:13:00Z,21.307,-157.867,hono,0.411
2018-10-31T16:14:00Z,21.307,-157.867,hono,0.408
2018-10-31T16:15:00Z,21.307,-157.867,hono,0.414
2018-10-31T16:16:00Z,21.307,-157.867,hono,0.418
2018-10-31T16:17:00Z,21.307,-157.867,hono,0.412
2018-10-31T16:18:00Z,21.307,-157.867,hono,0.415
2018-10-31T16:19:00Z,21.307,-157.867,hono,0.423
2018-10-31T16:20:00Z,21.307,-157.867,hono,0.41
2018-10-31T16:21:00Z,21.307,-157.867,hono,0.41
2018-10-31T16:22:00Z,21.307,-157.867,hono,0.407
2018-10-31T16:23:00Z,21.307,-157.867,hono,0.413
2018-10-31T16:24:00Z,21.307,-157.867,hono,0.416
2018-10-31T16:25:00Z,21.307,-157.867,hono,0.416
2018-10-31T16:26:00Z,21.307,-157.867,hono,0.423
2018-10-31T16:27:00Z,21.307,-157.867,hono,0.428
2018-10-31T16:28:00Z,21.307,-157.867,hono,0.43
2018-10-31T16:29:00Z,21.307,-157.867,hono,0.433
2018-10-31T16:30:00Z,21.307,-157.867,hono,0.437
2018-10-31T16:31:00Z,21.307,-157.867,hono,0.436
2018-10-31T16:32:00Z,21.307,-157.867,hono,0.437
2018-10-31T16:33:00Z,21.307,-157.867,hono,0.44
2018-10-31T16:34:00Z,21.307,-157.867,hono,0.435
2018-10-31T16:35:00Z,21.307,-157.867,hono,0.436
2018-10-31T16:36:00Z,21.307,-157.867,hono,0.442
2018-10-31T16:37:00Z,21.307,-157.867,hono,0.435
2018-10-31T16:38:00Z,21.307,-157.867,hono,0.435
2018-10-31T16:39:00Z,21.307,-157.867,hono,0.432
2018-10-31T16:40:00Z,21.307,-157.867,hono,0.44
2018-10-31T16:41:00Z,21.307,-157.867,hono,0.436
2018-10-31T16:42:00Z,21.307,-157.867,hono,0.439
2018-10-31T16:43:00Z,21.307,-157.867,hono,0.435
2018-10-31T16:44:00Z,21.307,-157.867,hono,0.455
2018-10-31T16:45:00Z,21.307,-157.867,hono,0.449
2018-10-31T16:46:00Z,21.307,-157.867,hono,0.45
2018-10-31T16:47:00Z,21.307,-157.867,hono,0.452
2018-10-31T16:48:00Z,21.307,-157.867,hono,0.461
2018-10-31T16:49:00Z,21.307,-157.867,hono,0.453
2018-10-31T16:50:00Z,21.307,-157.867,hono,0.46
2018-10-31T16:51:00Z,21.307,-157.867,hono,0.462
2018-10-31T16:52:00Z,21.307,-157.867,hono,0.459
2018-10-31T16:53:00Z,21.307,-157.867,hono,0.465
2018-10-31T16:54:00Z,21.307,-157.867,hono,0.455
2018-10-31T16:55:00Z,21.307,-157.867,hono,0.457
2018-10-31T16:56:00Z,21.307,-157.867,hono,0.455
2018-10-31T16:57:00Z,21.307,-157.867,hono,0.445
2018-10-31T16:58:00Z,21.307,-157.867,hono,0.446
2018-10-31T16:59:00Z,21.307,-157.867,hono,0.451
2018-10-31T17:00:00Z,21.307,-157.867,hono,0.452
2018-10-31T17:01:00Z,21.307,-157.867,hono,0.45
2018-10-31T17:02:00Z,21.307,-157.867,hono,0.458
2018-10-31T17:03:00Z,21.307,-157.867,hono,0.465
2018-10-31T17:04:00Z,21.307,-157.867,hono,0.46
2018-10-31T17:05:00Z,21.307,-157.867,hono,0.466
2018-10-31T17:06:00Z,21.307,-157.867,hono,0.467
2018-10-31T17:07:00Z,21.307,-157.867,hono,0.468
2018-10-31T17:08:00Z,21.307,-157.867,hono,0.476
2018-10-31T17:09:00Z,21.307,-157.867,hono,0.468
2018-10-31T17:10:00Z,21.307,-157.867,hono,0.474
2018-10-31T17:11:00Z,21.307,-157.867,hono,0.48
2018-10-31T17:12:00Z,21.307,-157.867,hono,0.48
2018-10-31T17:13:00Z,21.307,-157.867,hono,0.477
2018-10-31T17:14:00Z,21.307,-157.867,hono,0.49
2018-10-31T17:15:00Z,21.307,-157.867,hono,0.48
2018-10-31T17:16:00Z,21.307,-157.867,hono,0.481
2018-10-31T17:17:00Z,21.307,-157.867,hono,0.477
2018-10-31T17:18:00Z,21.307,-157.867,hono,0.474
2018-10-31T17:19:00Z,21.307,-157.867,hono,0.471
2018-10-31T17:20:00Z,21.307,-157.867,hono,0.48
2018-10-31T17:21:00Z,21.307,-157.867,hono,0.478
2018-10-31T17:22:00Z,21.307,-157.867,hono,0.475
2018-10-31T17:23:00Z,21.307,-157.867,hono,0.479
2018-10-31T17:24:00Z,21.307,-157.867,hono,0.48
2018-10-31T17:25:00Z,21.307,-157.867,hono,0.477
2018-10-31T17:26:00Z,21.307,-157.867,hono,0.491
2018-10-31T17:27:00Z,21.307,-157.867,hono,0.488
2018-10-31T17:28:00Z,21.307,-157.867,hono,0.484
2018-10-31T17:29:00Z,21.307,-157.867,hono,0.504
2018-10-31T17:30:00Z,21.307,-157.867,hono,0.497
2018-10-31T17:31:00Z,21.307,-157.867,hono,0.5
2018-10-31T17:32:00Z,21.307,-157.867,hono,0.499
2018-10-31T17:33:00Z,21.307,-157.867,hono,0.516
2018-10-31T17:34:00Z,21.307,-157.867,hono,0.512
2018-10-31T17:35:00Z,21.307,-157.867,hono,0.509
2018-10-31T17:36:00Z,21.307,-157.867,hono,0.512
2018-10-31T17:37:00Z,21.307,-157.867,hono,0.515
2018-10-31T17:38:00Z,21.307,-157.867,hono,0.513
2018-10-31T17:39:00Z,21.307,-157.867,hono,0.501
2018-10-31T17:40:00Z,21.307,-157.867,hono,0.509
2018-10-31T17:41:00Z,21.307,-157.867,hono,0.509
2018-10-31T17:42:00Z,21.307,-157.867,hono,0.511
2018-10-31T17:43:00Z,21.307,-157.867,hono,0.507
2018-10-31T17:44:00Z,21.307,-157.867,hono,0.52
2018-10-31T17:45:00Z,21.307,-157.867,hono,0.51
2018-10-31T17:46:00Z,21.307,-157.867,hono,0.512
2018-10-31T17:47:00Z,21.307,-157.867,hono,0.519
2018-10-31T17:48:00Z,21.307,-157.867,hono,0.517
2018-10-31T17:49:00Z,21.307,-157.867,hono,0.525
2018-10-31T17:50:00Z,21.307,-157.867,hono,0.524
2018-10-31T17:51:00Z,21.307,-157.867,hono,0.522
2018-10-31T17:52:00Z,21.307,-157.867,hono,0.53
2018-10-31T17:53:00Z,21.307,-157.867,hono,0.535
2018-10-31T17:54:00Z,21.307,-157.867,hono,0.53
2018-10-31T17:55:00Z,21.307,-157.867,hono,0.538
2018-10-31T17:56:00Z,21.307,-157.867,hono,0.539
2018-10-31T17:57:00Z,21.307,-157.867,hono,0.539
2018-10-31T17:58:00Z,21.307,-157.867,hono,0.545
2018-10-31T17:59:00Z,21.307,-157.867,hono,0.542
2018-10-31T18:00:00Z,21.307,-157.867,hono,0.539
2018-10-31T18:01:00Z,21.307,-157.867,hono,0.541
2018-10-31T18:02:00Z,21.307,-157.867,hono,0.534
2018-10-31T18:03:00Z,21.307,-157.867,hono,0.527
2018-10-31T18:04:00Z,21.307,-157.867,hono,0.541
2018-10-31T18:05:00Z,21.307,-157.867,hono,0.538
2018-10-31T18:06:00Z,21.307,-157.867,hono,0.523
2018-10-31T18:07:00Z,21.307,-157.867,hono,0.542
2018-10-31T18:08:00Z,21.307,-157.867,hono,0.55
2018-10-31T18:09:00Z,21.307,-157.867,hono,0.541
2018-10-31T18:10:00Z,21.307,-157.867,hono,0.547
2018-10-31T18:11:00Z,21.307,-157.867,hono,0.549
2018-10-31T18:12:00Z,21.307,-157.867,hono,0.554
2018-10-31T18:13:00Z,21.307,-157.867,hono,0.548
2018-10-31T18:14:00Z,21.307,-157.867,hono,0.55
2018-10-31T18:15:00Z,21.307,-157.867,hono,0.557
2018-10-31T18:16:00Z,21.307,-157.867,hono,0.556
2018-10-31T18:17:00Z,21.307,-157.867,hono,0.559
2018-10-31T18:18:00Z,21.307,-157.867,hono,0.556
2018-10-31T18:19:00Z,21.307,-157.867,hono,0.566
2018-10-31T18:20:00Z,21.307,-157.867,hono,0.555
2018-10-31T18:21:00Z,21.307,-157.867,hono,0.555
2018-10-31T18:22:00Z,21.307,-157.867,hono,0.56
2018-10-31T18:23:00Z,21.307,-157.867,hono,0.56
2018-10-31T18:24:00Z,21.307,-157.867,hono,0.55
2018-10-31T18:25:00Z,21.307,-157.867,hono,0.56
2018-10-31T18:26:00Z,21.307,-157.867,hono,0.555
2018-10-31T18:27:00Z,21.307,-157.867,hono,0.56
2018-10-31T18:28:00Z,21.307,-157.867,hono,0.563
2018-10-31T18:29:00Z,21.307,-157.867,hono,0.567
2018-10-31T18:30:00Z,21.307,-157.867,hono,0.568
2018-10-31T18:31:00Z,21.307,-157.867,hono,0.568
2018-10-31T18:32:00Z,21.307,-157.867,hono,0.573
2018-10-31T18:33:00Z,21.307,-157.867,hono,0.57
2018-10-31T18:34:00Z,21.307,-157.867,hono,0.572
2018-10-31T18:35:00Z,21.307,-157.867,hono,0.574
2018-10-31T18:36:00Z,21.307,-157.867,hono,0.562
2018-10-31T18:37:00Z,21.307,-157.867,hono,0.57
2018-10-31T18:38:00Z,21.307,-157.867,hono,0.565
2018-10-31T18:39:00Z,21.307,-157.867,hono,0.557
2018-10-31T18:40:00Z,21.307,-157.867,hono,0.568
2018-10-31T18:41:00Z,21.307,-157.867,hono,0.566
2018-10-31T18:42:00Z,21.307,-157.867,hono,0.562
2018-10-31T18:43:00Z,21.307,-157.867,hono,0.565
2018-10-31T18:44:00Z,21.307,-157.867,hono,0.574
2018-10-31T18:45:00Z,21.307,-157.867,hono,0.572
2018-10-31T18:46:00Z,21.307,-157.867,hono,0.559
2018-10-31T18:47:00Z,21.307,-157.867,hono,0.572
2018-10-31T18:48:00Z,21.307,-157.867,hono,0.567
2018-10-31T18:49:00Z,21.307,-157.867,hono,0.566
2018-10-31T18:50:00Z,21.307,-157.867,hono,0.572
2018-10-31T18:51:00Z,21.307,-157.867,hono,0.576
2018-10-31T18:52:00Z,21.307,-157.867,hono,0.58
2018-10-31T18:53:00Z,21.307,-157.867,hono,0.59
2018-10-31T18:54:00Z,21.307,-157.867,hono,0.594
2018-10-31T18:55:00Z,21.307,-157.867,hono,0.594
2018-10-31T18:56:00Z,21.307,-157.867,hono,0.595
2018-10-31T18:57:00Z,21.307,-157.867,hono,0.59
2018-10-31T18:58:00Z,21.307,-157.867,hono,0.588
2018-10-31T18:59:00Z,21.307,-157.867,hono,0.586
2018-10-31T19:00:00Z,21.307,-157.867,hono,0.588
2018-10-31T19:01:00Z,21.307,-157.867,hono,0.581
2018-10-31T19:02:00Z,21.307,-157.867,hono,0.59
2018-10-31T19:03:00Z,21.307,-157.867,hono,0.587
2018-10-31T19:04:00Z,21.307,-157.867,hono,0.587
2018-10-31T19:05:00Z,21.307,-157.867,hono,0.585
2018-10-31T19:06:00Z,21.307,-157.867,hono,0.585
2018-10-31T19:07:00Z,21.307,-157.867,hono,0.585
2018-10-31T19:08:00Z,21.307,-157.867,hono,0.58
2018-10-31T19:09:00Z,21.307,-157.867,hono,0.584
2018-10-31T19:10:00Z,21.307,-157.867,hono,0.584
2018-10-31T19:11:00Z,21.307,-157.867,hono,0.591
2018-10-31T19:12:00Z,21.307,-157.867,hono,0.595
2018-10-31T19:13:00Z,21.307,-157.867,hono,0.597
2018-10-31T19:14:00Z,21.307,-157.867,hono,0.601
2018-10-31T19:15:00Z,21.307,-157.867,hono,0.609
2018-10-31T19:16:00Z,21.307,-157.867,hono,0.6
2018-10-31T19:17:00Z,21.307,-157.867,hono,0.602
2018-10-31T19:18:00Z,21.307,-157.867,hono,0.601
2018-10-31T19:19:00Z,21.307,-157.867,hono,0.59
2018-10-31T19:20:00Z,21.307,-157.867,hono,0.596
2018-10-31T19:21:00Z,21.307,-157.867,hono,0.594
2018-10-31T19:22:00Z,21.307,-157.867,hono,0.592
2018-10-31T19:23:00Z,21.307,-157.867,hono,0.589
2018-10-31T19:24:00Z,21.307,-157.867,hono,0.599
2018-10-31T19:25:00Z,21.307,-157.867,hono,0.6
2018-10-31T19:26:00Z,21.307,-157.867,hono,0.599
2018-10-31T19:27:00Z,21.307,-157.867,hono,0.603
2018-10-31T19:28:00Z,21.307,-157.867,hono,0.601
2018-10-31T19:29:00Z,21.307,-157.867,hono,0.603
2018-10-31T19:30:00Z,21.307,-157.867,hono,0.602
2018-10-31T19:31:00Z,21.307,-157.867,hono,0.608
2018-10-31T19:32:00Z,21.307,-157.867,hono,0.603
2018-10-31T19:33:00Z,21.307,-157.867,hono,0.608
2018-10-31T19:34:00Z,21.307,-157.867,hono,0.612
2018-10-31T19:35:00Z,21.307,-157.867,hono,0.608
2018-10-31T19:36:00Z,21.307,-157.867,hono,0.619
2018-10-31T19:37:00Z,21.307,-157.867,hono,0.611
2018-10-31T19:38:00Z,21.307,-157.867,hono,0.617
2018-10-31T19:39:00Z,21.307,-157.867,hono,0.608
2018-10-31T19:40:00Z,21.307,-157.867,hono,0.614
2018-10-31T19:41:00Z,21.307,-157.867,hono,0.608
2018-10-31T19:42:00Z,21.307,-157.867,hono,0.615
2018-10-31T19:43:00Z,21.307,-157.867,hono,0.608
2018-10-31T19:44:00Z,21.307,-157.867,hono,0.614
2018-10-31T19:45:00Z,21.307,-157.867,hono,0.609
2018-10-31T19:46:00Z,21.307,-157.867,hono,0.621
2018-10-31T19:47:00Z,21.307,-157.867,hono,0.618
2018-10-31T19:48:00Z,21.307,-157.867,hono,0.612
2018-10-31T19:49:00Z,21.307,-157.867,hono,0.609
2018-10-31T19:50:00Z,21.307,-157.867,hono,0.617
2018-10-31T19:51:00Z,21.307,-157.867,hono,0.613
2018-10-31T19:52:00Z,21.307,-157.867,hono,0.608
2018-10-31T19:53:00Z,21.307,-157.867,hono,0.62
2018-10-31T19:54:00Z,21.307,-157.867,hono,0.623
2018-10-31T19:55:00Z,21.307,-157.867,hono,0.616
2018-10-31T19:56:00Z,21.307,-157.867,hono,0.616
2018-10-31T19:57:00Z,21.307,-157.867,hono,0.629
2018-10-31T19:58:00Z,21.307,-157.867,hono,0.614
2018-10-31T19:59:00Z,21.307,-157.867,hono,0.617
2018-10-31T20:00:00Z,21.307,-157.867,hono,0.612
2018-10-31T20:01:00Z,21.307,-157.867,hono,0.62
2018-10-31T20:02:00Z,21.307,-157.867,hono,0.616
2018-10-31T20:03:00Z,21.307,-157.867,hono,0.62
2018-10-31T20:04:00Z,21.307,-157.867,hono,0.613
2018-10-31T20:05:00Z,21.307,-157.867,hono,0.624
2018-10-31T20:06:00Z,21.307,-157.867,hono,0.619
2018-10-31T20:07:00Z,21.307,-157.867,hono,0.615
2018-10-31T20:08:00Z,21.307,-157.867,hono,0.618
2018-10-31T20:09:00Z,21.307,-157.867,hono,0.62
2018-10-31T20:10:00Z,21.307,-157.867,hono,0.618
2018-10-31T20:11:00Z,21.307,-157.867,hono,0.627
2018-10-31T20:12:00Z,21.307,-157.867,hono,0.621
2018-10-31T20:13:00Z,21.307,-157.867,hono,0.634
2018-10-31T20:14:00Z,21.307,-157.867,hono,0.627
2018-10-31T20:15:00Z,21.307,-157.867,hono,0.624
2018-10-31T20:16:00Z,21.307,-157.867,hono,0.625
2018-10-31T20:17:00Z,21.307,-157.867,hono,0.632
2018-10-31T20:18:00Z,21.307,-157.867,hono,0.62
2018-10-31T20:19:00Z,21.307,-157.867,hono,0.626
2018-10-31T20:20:00Z,21.307,-157.867,hono,0.626
2018-10-31T20:21:00Z,21.307,-157.867,hono,0.628
2018-10-31T20:22:00Z,21.307,-157.867,hono,0.625
2018-10-31T20:23:00Z,21.307,-157.867,hono,0.628
2018-10-31T20:24:00Z,21.307,-157.867,hono,0.626
2018-10-31T20:25:00Z,21.307,-157.867,hono,0.624
2018-10-31T20:26:00Z,21.307,-157.867,hono,0.625
2018-10-31T20:27:00Z,21.307,-157.867,hono,0.63
2018-10-31T20:28:00Z,21.307,-157.867,hono,0.626
2018-10-31T20:29:00Z,21.307,-157.867,hono,0.631
2018-10-31T20:30:00Z,21.307,-157.867,hono,0.631
2018-10-31T20:31:00Z,21.307,-157.867,hono,0.63
2018-10-31T20:32:00Z,21.307,-157.867,hono,0.628
2018-10-31T20:33:00Z,21.307,-157.867,hono,0.628
2018-10-31T20:34:00Z,21.307,-157.867,hono,0.626
2018-10-31T20:35:00Z,21.307,-157.867,hono,0.625
2018-10-31T20:36:00Z,21.307,-157.867,hono,0.627
2018-10-31T20:37:00Z,21.307,-157.867,hono,0.626
2018-10-31T20:38:00Z,21.307,-157.867,hono,0.624
2018-10-31T20:39:00Z,21.307,-157.867,hono,0.615
2018-10-31T20:40:00Z,21.307,-157.867,hono,0.622
2018-10-31T20:41:00Z,21.307,-157.867,hono,0.625
2018-10-31T20:42:00Z,21.307,-157.867,hono,0.612
2018-10-31T20:43:00Z,21.307,-157.867,hono,0.608
2018-10-31T20:44:00Z,21.307,-157.867,hono,0.616
2018-10-31T20:45:00Z,21.307,-157.867,hono,0.617
2018-10-31T20:46:00Z,21.307,-157.867,hono,0.611
2018-10-31T20:47:00Z,21.307,-157.867,hono,0.611
2018-10-31T20:48:00Z,21.307,-157.867,hono,0.614
2018-10-31T20:49:00Z,21.307,-157.867,hono,0.62
2018-10-31T20:50:00Z,21.307,-157.867,hono,0.612
2018-10-31T20:51:00Z,21.307,-157.867,hono,0.608
2018-10-31T20:52:00Z,21.307,-157.867,hono,0.623
2018-10-31T20:53:00Z,21.307,-157.867,hono,0.623
2018-10-31T20:54:00Z,21.307,-157.867,hono,0.623
2018-10-31T20:55:00Z,21.307,-157.867,hono,0.625
2018-10-31T20:56:00Z,21.307,-157.867,hono,0.627
2018-10-31T20:57:00Z,21.307,-157.867,hono,0.62
2018-10-31T20:58:00Z,21.307,-157.867,hono,0.621
2018-10-31T20:59:00Z,21.307,-157.867,hono,0.616
2018-10-31T21:00:00Z,21.307,-157.867,hono,0.607
2018-10-31T21:01:00Z,21.307,-157.867,hono,0.603
2018-10-31T21:02:00Z,21.307,-157.867,hono,0.607
2018-10-31T21:03:00Z,21.307,-157.867,hono,0.599
2018-10-31T21:04:00Z,21.307,-157.867,hono,0.602
2018-10-31T21:05:00Z,21.307,-157.867,hono,0.607
2018-10-31T21:06:00Z,21.307,-157.867,hono,0.605
2018-10-31T21:07:00Z,21.307,-157.867,hono,0.605
2018-10-31T21:08:00Z,21.307,-157.867,hono,0.613
2018-10-31T21:09:00Z,21.307,-157.867,hono,0.609
2018-10-31T21:10:00Z,21.307,-157.867,hono,0.607
2018-10-31T21:11:00Z,21.307,-157.867,hono,0.61
2018-10-31T21:12:00Z,21.307,-157.867,hono,0.608
2018-10-31T21:13:00Z,21.307,-157.867,hono,0.611
2018-10-31T21:14:00Z,21.307,-157.867,hono,0.608
2018-10-31T21:15:00Z,21.307,-157.867,hono,0.609
2018-10-31T21:16:00Z,21.307,-157.867,hono,0.615
2018-10-31T21:17:00Z,21.307,-157.867,hono,0.61
2018-10-31T21:18:00Z,21.307,-157.867,hono,0.605
2018-10-31T21:19:00Z,21.307,-157.867,hono,0.598
2018-10-31T21:20:00Z,21.307,-157.867,hono,0.6
2018-10-31T21:21:00Z,21.307,-157.867,hono,0.597
2018-10-31T21:22:00Z,21.307,-157.867,hono,0.584
2018-10-31T21:23:00Z,21.307,-157.867,hono,0.579
2018-10-31T21:24:00Z,21.307,-157.867,hono,0.587
2018-10-31T21:25:00Z,21.307,-157.867,hono,0.591
2018-10-31T21:26:00Z,21.307,-157.867,hono,0.579
2018-10-31T21:27:00Z,21.307,-157.867,hono,0.593
2018-10-31T21:28:00Z,21.307,-157.867,hono,0.597
2018-10-31T21:29:00Z,21.307,-157.867,hono,0.593
2018-10-31T21:30:00Z,21.307,-157.867,hono,0.585
2018-10-31T21:31:00Z,21.307,-157.867,hono,0.594
2018-10-31T21:32:00Z,21.307,-157.867,hono,0.597
2018-10-31T21:33:00Z,21.307,-157.867,hono,0.593
2018-10-31T21:34:00Z,21.307,-157.867,hono,0.592
2018-10-31T21:35:00Z,21.307,-157.867,hono,0.596
2018-10-31T21:36:00Z,21.307,-157.867,hono,0.597
2018-10-31T21:37:00Z,21.307,-157.867,hono,0.591
2018-10-31T21:38:00Z,21.307,-157.867,hono,0.596
2018-10-31T21:39:00Z,21.307,-157.867,hono,0.594
2018-10-31T21:40:00Z,21.307,-157.867,hono,0.589
2018-10-31T21:41:00Z,21.307,-157.867,hono,0.585
2018-10-31T21:42:00Z,21.307,-157.867,hono,0.589
2018-10-31T21:43:00Z,21.307,-157.867,hono,0.588
2018-10-31T21:44:00Z,21.307,-157.867,hono,0.582
2018-10-31T21:45:00Z,21.307,-157.867,hono,0.584
2018-10-31T21:46:00Z,21.307,-157.867,hono,0.585
2018-10-31T21:47:00Z,21.307,-157.867,hono,0.581
2018-10-31T21:48:00Z,21.307,-157.867,hono,0.577
2018-10-31T21:49:00Z,21.307,-157.867,hono,0.578
2018-10-31T21:50:00Z,21.307,-157.867,hono,0.584
2018-10-31T21:51:00Z,21.307,-157.867,hono,0.582
2018-10-31T21:52:00Z,21.307,-157.867,hono,0.57
2018-10-31T21:53:00Z,21.307,-157.867,hono,0.581
2018-10-31T21:54:00Z,21.307,-157.867,hono,0.587
2018-10-31T21:55:00Z,21.307,-157.867,hono,0.583
2018-10-31T21:56:00Z,21.307,-157.867,hono,0.573
2018-10-31T21:57:00Z,21.307,-157.867,hono,0.59
2018-10-31T21:58:00Z,21.307,-157.867,hono,0.578
2018-10-31T21:59:00Z,21.307,-157.867,hono,0.574
2018-10-31T22:00:00Z,21.307,-157.867,hono,0.578
2018-10-31T22:01:00Z,21.307,-157.867,hono,0.572
2018-10-31T22:02:00Z,21.307,-157.867,hono,0.569
2018-10-31T22:03:00Z,21.307,-157.867,hono,0.565
2018-10-31T22:04:00Z,21.307,-157.867,hono,0.559
2018-10-31T22:05:00Z,21.307,-157.867,hono,0.564
2018-10-31T22:06:00Z,21.307,-157.867,hono,0.561
2018-10-31T22:07:00Z,21.307,-157.867,hono,0.544
2018-10-31T22:08:00Z,21.307,-157.867,hono,0.546
2018-10-31T22:09:00Z,21.307,-157.867,hono,0.549
2018-10-31T22:10:00Z,21.307,-157.867,hono,0.55
2018-10-31T22:11:00Z,21.307,-157.867,hono,0.546
2018-10-31T22:12:00Z,21.307,-157.867,hono,0.558
2018-10-31T22:13:00Z,21.307,-157.867,hono,0.552
2018-10-31T22:14:00Z,21.307,-157.867,hono,0.557
2018-10-31T22:15:00Z,21.307,-157.867,hono,0.561
2018-10-31T22:16:00Z,21.307,-157.867,hono,0.556
2018-10-31T22:17:00Z,21.307,-157.867,hono,0.55
2018-10-31T22:18:00Z,21.307,-157.867,hono,0.551
2018-10-31T22:19:00Z,21.307,-157.867,hono,0.545
2018-10-31T22:20:00Z,21.307,-157.867,hono,0.549
2018-10-31T22:21:00Z,21.307,-157.867,hono,0.538
2018-10-31T22:22:00Z,21.307,-157.867,hono,0.541
2018-10-31T22:23:00Z,21.307,-157.867,hono,0.545
2018-10-31T22:24:00Z,21.307,-157.867,hono,0.547
2018-10-31T22:25:00Z,21.307,-157.867,hono,0.539
2018-10-31T22:26:00Z,21.307,-157.867,hono,0.537
2018-10-31T22:27:00Z,21.307,-157.867,hono,0.532
2018-10-31T22:28:00Z,21.307,-157.867,hono,0.535
2018-10-31T22:29:00Z,21.307,-157.867,hono,0.524
2018-10-31T22:30:00Z,21.307,-157.867,hono,0.52
2018-10-31T22:31:00Z,21.307,-157.867,hono,0.52
2018-10-31T22:32:00Z,21.307,-157.867,hono,0.524
2018-10-31T22:33:00Z,21.307,-157.867,hono,0.516
2018-10-31T22:34:00Z,21.307,-157.867,hono,0.516
2018-10-31T22:35:00Z,21.307,-157.867,hono,0.521
2018-10-31T22:36:00Z,21.307,-157.867,hono,0.518
2018-10-31T22:37:00Z,21.307,-157.867,hono,0.513
2018-10-31T22:38:00Z,21.307,-157.867,hono,0.511
2018-10-31T22:39:00Z,21.307,-157.867,hono,0.505
2018-10-31T22:40:00Z,21.307,-157.867,hono,0.503
2018-10-31T22:41:00Z,21.307,-157.867,hono,0.506
2018-10-31T22:42:00Z,21.307,-157.867,hono,0.497
2018-10-31T22:43:00Z,21.307,-157.867,hono,0.495
2018-10-31T22:44:00Z,21.307,-157.867,hono,0.494
2018-10-31T22:45:00Z,21.307,-157.867,hono,0.497
2018-10-31T22:46:00Z,21.307,-157.867,hono,0.492
2018-10-31T22:47:00Z,21.307,-157.867,hono,0.492
2018-10-31T22:48:00Z,21.307,-157.867,hono,0.489
2018-10-31T22:49:00Z,21.307,-157.867,hono,0.489
2018-10-31T22:50:00Z,21.307,-157.867,hono,0.488
2018-10-31T22:51:00Z,21.307,-157.867,hono,0.48
2018-10-31T22:52:00Z,21.307,-157.867,hono,0.48
2018-10-31T22:53:00Z,21.307,-157.867,hono,0.489
2018-10-31T22:54:00Z,21.307,-157.867,hono,0.483
2018-10-31T22:55:00Z,21.307,-157.867,hono,0.482
2018-10-31T22:56:00Z,21.307,-157.867,hono,0.482
2018-10-31T22:57:00Z,21.307,-157.867,hono,0.477
2018-10-31T22:58:00Z,21.307,-157.867,hono,0.475
2018-10-31T22:59:00Z,21.307,-157.867,hono,0.477
2018-10-31T23:00:00Z,21.307,-157.867,hono,0.473
2018-10-31T23:01:00Z,21.307,-157.867,hono,0.463
2018-10-31T23:02:00Z,21.307,-157.867,hono,0.472
2018-10-31T23:03:00Z,21.307,-157.867,hono,0.472
2018-10-31T23:04:00Z,21.307,-157.867,hono,0.469
2018-10-31T23:05:00Z,21.307,-157.867,hono,0.474
2018-10-31T23:06:00Z,21.307,-157.867,hono,0.471
2018-10-31T23:07:00Z,21.307,-157.867,hono,0.465
2018-10-31T23:08:00Z,21.307,-157.867,hono,0.467
2018-10-31T23:09:00Z,21.307,-157.867,hono,0.464
2018-10-31T23:10:00Z,21.307,-157.867,hono,0.466
2018-10-31T23:11:00Z,21.307,-157.867,hono,0.459
2018-10-31T23:12:00Z,21.307,-157.867,hono,0.46
2018-10-31T23:13:00Z,21.307,-157.867,hono,0.456
2018-10-31T23:14:00Z,21.307,-157.867,hono,0.463
2018-10-31T23:15:00Z,21.307,-157.867,hono,0.458
2018-10-31T23:16:00Z,21.307,-157.867,hono,0.454
2018-10-31T23:17:00Z,21.307,-157.867,hono,0.456
2018-10-31T23:18:00Z,21.307,-157.867,hono,0.459
2018-10-31T23:19:00Z,21.307,-157.867,hono,0.454
2018-10-31T23:20:00Z,21.307,-157.867,hono,0.45
2018-10-31T23:21:00Z,21.307,-157.867,hono,0.449
2018-10-31T23:22:00Z,21.307,-157.867,hono,0.446
2018-10-31T23:23:00Z,21.307,-157.867,hono,0.449
2018-10-31T23:24:00Z,21.307,-157.867,hono,0.434
2018-10-31T23:25:00Z,21.307,-157.867,hono,0.439
2018-10-31T23:26:00Z,21.307,-157.867,hono,0.441
2018-10-31T23:27:00Z,21.307,-157.867,hono,0.437
2018-10-31T23:28:00Z,21.307,-157.867,hono,0.436
2018-10-31T23:29:00Z,21.307,-157.867,hono,0.436
2018-10-31T23:30:00Z,21.307,-157.867,hono,0.428
2018-10-31T23:31:00Z,21.307,-157.867,hono,0.434
2018-10-31T23:32:00Z,21.307,-157.867,hono,0.431
2018-10-31T23:33:00Z,21.307,-157.867,hono,0.422
2018-10-31T23:34:00Z,21.307,-157.867,hono,0.421
2018-10-31T23:35:00Z,21.307,-157.867,hono,0.423
2018-10-31T23:36:00Z,21.307,-157.867,hono,0.418
2018-10-31T23:37:00Z,21.307,-157.867,hono,0.416
2018-10-31T23:38:00Z,21.307,-157.867,hono,0.414
2018-10-31T23:39:00Z,21.307,-157.867,hono,0.423
2018-10-31T23:40:00Z,21.307,-157.867,hono,0.423
2018-10-31T23:41:00Z,21.307,-157.867,hono,0.416
2018-10-31T23:42:00Z,21.307,-157.867,hono,0.414
2018-10-31T23:43:00Z,21.307,-157.867,hono,0.416
2018-10-31T23:44:00Z,21.307,-157.867,hono,0.415
2018-10-31T23:45:00Z,21.307,-157.867,hono,0.401
2018-10-31T23:46:00Z,21.307,-157.867,hono,0.41
2018-10-31T23:47:00Z,21.307,-157.867,hono,0.408
2018-10-31T23:48:00Z,21.307,-157.867,hono,0.403
2018-10-31T23:49:00Z,21.307,-157.867,hono,0.396
2018-10-31T23:50:00Z,21.307,-157.867,hono,0.405
2018-10-31T23:51:00Z,21.307,-157.867,hono,0.406
2018-10-31T23:52:00Z,21.307,-157.867,hono,0.404
2018-10-31T23:53:00Z,21.307,-157.867,hono,0.391
2018-10-31T23:54:00Z,21.307,-157.867,hono,0.397
2018-10-31T23:55:00Z,21.307,-157.867,hono,0.395
2018-10-31T23:56:00Z,21.307,-157.867,hono,0.395
2018-10-31T23:57:00Z,21.307,-157.867,hono,0.386
2018-10-31T23:58:00Z,21.307,-157.867,hono,0.389
2018-10-31T23:59:00Z,21.307,-157.867,hono,0.389
2018-11-01T00:00:00Z,21.307,-157.867,hono,0.387

