time[zone="UTC"],latitude[unit="degrees_north"],longitude[unit="degrees_east"],id[unit=""],pwl[unit="meters"]
2018-06-19T12:00:00Z,21.957,-159.36,nawi,0.147
2018-06-19T12:01:00Z,21.957,-159.36,nawi,0.146
2018-06-19T12:02:00Z,21.957,-159.36,nawi,0.151
2018-06-19T12:03:00Z,21.957,-159.36,nawi,0.15
2018-06-19T12:04:00Z,21.957,-159.36,nawi,0.152
2018-06-19T12:05:00Z,21.957,-159.36,nawi,0.155
2018-06-19T12:06:00Z,21.957,-159.36,nawi,0.157
2018-06-19T12:07:00Z,21.957,-159.36,nawi,0.156
2018-06-19T12:08:00Z,21.957,-159.36,nawi,0.157
2018-06-19T12:09:00Z,21.957,-159.36,nawi,0.158
2018-06-19T12:10:00Z,21.957,-159.36,nawi,0.153
2018-06-19T12:11:00Z,21.957,-159.36,nawi,0.155
2018-06-19T12:12:00Z,21.957,-159.36,nawi,0.151
2018-06-19T12:13:00Z,21.957,-159.36,nawi,0.144
2018-06-19T12:14:00Z,21.957,-159.36,nawi,0.15
2018-06-19T12:15:00Z,21.957,-159.36,nawi,0.147
2018-06-19T12:16:00Z,21.957,-159.36,nawi,0.142
2018-06-19T12:17:00Z,21.957,-159.36,nawi,0.141
2018-06-19T12:18:00Z,21.957,-159.36,nawi,0.143
2018-06-19T12:19:00Z,21.957,-159.36,nawi,0.14
2018-06-19T12:20:00Z,21.957,-159.36,nawi,0.141
2018-06-19T12:21:00Z,21.957,-159.36,nawi,0.147
2018-06-19T12:22:00Z,21.957,-159.36,nawi,0.149
2018-06-19T12:23:00Z,21.957,-159.36,nawi,0.148
2018-06-19T12:24:00Z,21.957,-159.36,nawi,0.15
2018-06-19T12:25:00Z,21.957,-159.36,nawi,0.15
2018-06-19T12:26:00Z,21.957,-159.36,nawi,0.15
2018-06-19T12:27:00Z,21.957,-159.36,nawi,0.147
2018-06-19T12:28:00Z,21.957,-159.36,nawi,0.147
2018-06-19T12:29:00Z,21.957,-159.36,nawi,0.142
2018-06-19T12:30:00Z,21.957,-159.36,nawi,0.13
2018-06-19T12:31:00Z,21.957,-159.36,nawi,0.138
2018-06-19T12:32:00Z,21.957,-159.36,nawi,0.133
2018-06-19T12:33:00Z,21.957,-159.36,nawi,0.126
2018-06-19T12:34:00Z,21.957,-159.36,nawi,0.131
2018-06-19T12:35:00Z,21.957,-159.36,nawi,0.129
2018-06-19T12:36:00Z,21.957,-159.36,nawi,0.127
2018-06-19T12:37:00Z,21.957,-159.36,nawi,0.131
2018-06-19T12:38:00Z,21.957,-159.36,nawi,0.137
2018-06-19T12:39:00Z,21.957,-159.36,nawi,0.142
2018-06-19T12:40:00Z,21.957,-159.36,nawi,0.142
2018-06-19T12:41:00Z,21.957,-159.36,nawi,0.145
2018-06-19T12:42:00Z,21.957,-159.36,nawi,0.145
2018-06-19T12:43:00Z,21.957,-159.36,nawi,0.141
2018-06-19T12:44:00Z,21.957,-159.36,nawi,0.136
2018-06-19T12:45:00Z,21.957,-159.36,nawi,0.137
2018-06-19T12:46:00Z,21.957,-159.36,nawi,0.127
2018-06-19T12:47:00Z,21.957,-159.36,nawi,0.122
2018-06-19T12:48:00Z,21.957,-159.36,nawi,0.124
2018-06-19T12:49:00Z,21.957,-159.36,nawi,0.119
2018-06-19T12:50:00Z,21.957,-159.36,nawi,0.113
2018-06-19T12:51:00Z,21.957,-159.36,nawi,0.121
2018-06-19T12:52:00Z,21.957,-159.36,nawi,0.12
2018-06-19T12:53:00Z,21.957,-159.36,nawi,0.124
2018-06-19T12:54:00Z,21.957,-159.36,nawi,0.133
2018-06-19T12:55:00Z,21.957,-159.36,nawi,0.133
2018-06-19T12:56:00Z,21.957,-159.36,nawi,0.13
2018-06-19T12:57:00Z,21.957,-159.36,nawi,0.132
2018-06-19T12:58:00Z,21.957,-159.36,nawi,0.126
2018-06-19T12:59:00Z,21.957,-159.36,nawi,0.118
2018-06-19T13:00:00Z,21.957,-159.36,nawi,0.122
2018-06-19T13:01:00Z,21.957,-159.36,nawi,0.123
2018-06-19T13:02:00Z,21.957,-159.36,nawi,0.118
2018-06-19T13:03:00Z,21.957,-159.36,nawi,0.124
2018-06-19T13:04:00Z,21.957,-159.36,nawi,0.128
2018-06-19T13:05:00Z,21.957,-159.36,nawi,0.128
2018-06-19T13:06:00Z,21.957,-159.36,nawi,0.13
2018-06-19T13:07:00Z,21.957,-159.36,nawi,0.129
2018-06-19T13:08:00Z,21.957,-159.36,nawi,0.126
2018-06-19T13:09:00Z,21.957,-159.36,nawi,0.117
2018-06-19T13:10:00Z,21.957,-159.36,nawi,0.116
2018-06-19T13:11:00Z,21.957,-159.36,nawi,0.117
2018-06-19T13:12:00Z,21.957,-159.36,nawi,0.117
2018-06-19T13:13:00Z,21.957,-159.36,nawi,0.115
2018-06-19T13:14:00Z,21.957,-159.36,nawi,0.117
2018-06-19T13:15:00Z,21.957,-159.36,nawi,0.111
2018-06-19T13:16:00Z,21.957,-159.36,nawi,0.11
2018-06-19T13:17:00Z,21.957,-159.36,nawi,0.115
2018-06-19T13:18:00Z,21.957,-159.36,nawi,0.118
2018-06-19T13:19:00Z,21.957,-159.36,nawi,0.119
2018-06-19T13:20:00Z,21.957,-159.36,nawi,0.123
2018-06-19T13:21:00Z,21.957,-159.36,nawi,0.12
2018-06-19T13:22:00Z,21.957,-159.36,nawi,0.121
2018-06-19T13:23:00Z,21.957,-159.36,nawi,0.122
2018-06-19T13:24:00Z,21.957,-159.36,nawi,0.113
2018-06-19T13:25:00Z,21.957,-159.36,nawi,0.104
2018-06-19T13:26:00Z,21.957,-159.36,nawi,0.107
2018-06-19T13:27:00Z,21.957,-159.36,nawi,0.099
2018-06-19T13:28:00Z,21.957,-159.36,nawi,0.1
2018-06-19T13:29:00Z,21.957,-159.36,nawi,0.107
2018-06-19T13:30:00Z,21.957,-159.36,nawi,0.099
2018-06-19T13:31:00Z,21.957,-159.36,nawi,0.105
2018-06-19T13:32:00Z,21.957,-159.36,nawi,0.107
2018-06-19T13:33:00Z,21.957,-159.36,nawi,0.102
2018-06-19T13:34:00Z,21.957,-159.36,nawi,0.102
2018-06-19T13:35:00Z,21.957,-159.36,nawi,0.109
2018-06-19T13:36:00Z,21.957,-159.36,nawi,0.108
2018-06-19T13:37:00Z,21.957,-159.36,nawi,0.112
2018-06-19T13:38:00Z,21.957,-159.36,nawi,0.118
2018-06-19T13:39:00Z,21.957,-159.36,nawi,0.115
2018-06-19T13:40:00Z,21.957,-159.36,nawi,0.115
2018-06-19T13:41:00Z,21.957,-159.36,nawi,0.116
2018-06-19T13:42:00Z,21.957,-159.36,nawi,0.102
2018-06-19T13:43:00Z,21.957,-159.36,nawi,0.107
2018-06-19T13:44:00Z,21.957,-159.36,nawi,0.1
2018-06-19T13:45:00Z,21.957,-159.36,nawi,0.098
2018-06-19T13:46:00Z,21.957,-159.36,nawi,0.099
2018-06-19T13:47:00Z,21.957,-159.36,nawi,0.1
2018-06-19T13:48:00Z,21.957,-159.36,nawi,0.095
2018-06-19T13:49:00Z,21.957,-159.36,nawi,0.1
2018-06-19T13:50:00Z,21.957,-159.36,nawi,0.104
2018-06-19T13:51:00Z,21.957,-159.36,nawi,0.105
2018-06-19T13:52:00Z,21.957,-159.36,nawi,0.113
2018-06-19T13:53:00Z,21.957,-159.36,nawi,0.111
2018-06-19T13:54:00Z,21.957,-159.36,nawi,0.105
2018-06-19T13:55:00Z,21.957,-159.36,nawi,0.11
2018-06-19T13:56:00Z,21.957,-159.36,nawi,0.105
2018-06-19T13:57:00Z,21.957,-159.36,nawi,0.106
2018-06-19T13:58:00Z,21.957,-159.36,nawi,0.113
2018-06-19T13:59:00Z,21.957,-159.36,nawi,0.112
2018-06-19T14:00:00Z,21.957,-159.36,nawi,0.114
2018-06-19T14:01:00Z,21.957,-159.36,nawi,0.113
2018-06-19T14:02:00Z,21.957,-159.36,nawi,0.108
2018-06-19T14:03:00Z,21.957,-159.36,nawi,0.108
2018-06-19T14:04:00Z,21.957,-159.36,nawi,0.107
2018-06-19T14:05:00Z,21.957,-159.36,nawi,0.097
2018-06-19T14:06:00Z,21.957,-159.36,nawi,0.099
2018-06-19T14:07:00Z,21.957,-159.36,nawi,0.1
2018-06-19T14:08:00Z,21.957,-159.36,nawi,0.095
2018-06-19T14:09:00Z,21.957,-159.36,nawi,0.109
2018-06-19T14:10:00Z,21.957,-159.36,nawi,0.114
2018-06-19T14:11:00Z,21.957,-159.36,nawi,0.108
2018-06-19T14:12:00Z,21.957,-159.36,nawi,0.112
2018-06-19T14:13:00Z,21.957,-159.36,nawi,0.114
2018-06-19T14:14:00Z,21.957,-159.36,nawi,0.108
2018-06-19T14:15:00Z,21.957,-159.36,nawi,0.11
2018-06-19T14:16:00Z,21.957,-159.36,nawi,0.123
2018-06-19T14:17:00Z,21.957,-159.36,nawi,0.12
2018-06-19T14:18:00Z,21.957,-159.36,nawi,0.119
2018-06-19T14:19:00Z,21.957,-159.36,nawi,0.113
2018-06-19T14:20:00Z,21.957,-159.36,nawi,0.11
2018-06-19T14:21:00Z,21.957,-159.36,nawi,0.098
2018-06-19T14:22:00Z,21.957,-159.36,nawi,0.093
2018-06-19T14:23:00Z,21.957,-159.36,nawi,0.098
2018-06-19T14:24:00Z,21.957,-159.36,nawi,0.101
2018-06-19T14:25:00Z,21.957,-159.36,nawi,0.101
2018-06-19T14:26:00Z,21.957,-159.36,nawi,0.11
2018-06-19T14:27:00Z,21.957,-159.36,nawi,0.11
2018-06-19T14:28:00Z,21.957,-159.36,nawi,0.106
2018-06-19T14:29:00Z,21.957,-159.36,nawi,0.106
2018-06-19T14:30:00Z,21.957,-159.36,nawi,0.106
2018-06-19T14:31:00Z,21.957,-159.36,nawi,0.107
2018-06-19T14:32:00Z,21.957,-159.36,nawi,0.115
2018-06-19T14:33:00Z,21.957,-159.36,nawi,0.12
2018-06-19T14:34:00Z,21.957,-159.36,nawi,0.127
2018-06-19T14:35:00Z,21.957,-159.36,nawi,0.13
2018-06-19T14:36:00Z,21.957,-159.36,nawi,0.121
2018-06-19T14:37:00Z,21.957,-159.36,nawi,0.113
2018-06-19T14:38:00Z,21.957,-159.36,nawi,0.113
2018-06-19T14:39:00Z,21.957,-159.36,nawi,0.103
2018-06-19T14:40:00Z,21.957,-159.36,nawi,0.104
2018-06-19T14:41:00Z,21.957,-159.36,nawi,0.111
2018-06-19T14:42:00Z,21.957,-159.36,nawi,0.109
2018-06-19T14:43:00Z,21.957,-159.36,nawi,0.109
2018-06-19T14:44:00Z,21.957,-159.36,nawi,0.116
2018-06-19T14:45:00Z,21.957,-159.36,nawi,0.107
2018-06-19T14:46:00Z,21.957,-159.36,nawi,0.106
2018-06-19T14:47:00Z,21.957,-159.36,nawi,0.107
2018-06-19T14:48:00Z,21.957,-159.36,nawi,0.11
2018-06-19T14:49:00Z,21.957,-159.36,nawi,0.11
2018-06-19T14:50:00Z,21.957,-159.36,nawi,0.117
2018-06-19T14:51:00Z,21.957,-159.36,nawi,0.116
2018-06-19T14:52:00Z,21.957,-159.36,nawi,0.115
2018-06-19T14:53:00Z,21.957,-159.36,nawi,0.112
2018-06-19T14:54:00Z,21.957,-159.36,nawi,0.111
2018-06-19T14:55:00Z,21.957,-159.36,nawi,0.109
2018-06-19T14:56:00Z,21.957,-159.36,nawi,0.114
2018-06-19T14:57:00Z,21.957,-159.36,nawi,0.116
2018-06-19T14:58:00Z,21.957,-159.36,nawi,0.122
2018-06-19T14:59:00Z,21.957,-159.36,nawi,0.115
2018-06-19T15:00:00Z,21.957,-159.36,nawi,0.121
2018-06-19T15:01:00Z,21.957,-159.36,nawi,0.118
2018-06-19T15:02:00Z,21.957,-159.36,nawi,0.114
2018-06-19T15:03:00Z,21.957,-159.36,nawi,0.117
2018-06-19T15:04:00Z,21.957,-159.36,nawi,0.12
2018-06-19T15:05:00Z,21.957,-159.36,nawi,0.117
2018-06-19T15:06:00Z,21.957,-159.36,nawi,0.123
2018-06-19T15:07:00Z,21.957,-159.36,nawi,0.125
2018-06-19T15:08:00Z,21.957,-159.36,nawi,0.122
2018-06-19T15:09:00Z,21.957,-159.36,nawi,0.13
2018-06-19T15:10:00Z,21.957,-159.36,nawi,0.132
2018-06-19T15:11:00Z,21.957,-159.36,nawi,0.128
2018-06-19T15:12:00Z,21.957,-159.36,nawi,0.126
2018-06-19T15:13:00Z,21.957,-159.36,nawi,0.12
2018-06-19T15:14:00Z,21.957,-159.36,nawi,0.114
2018-06-19T15:15:00Z,21.957,-159.36,nawi,0.12
2018-06-19T15:16:00Z,21.957,-159.36,nawi,0.127
2018-06-19T15:17:00Z,21.957,-159.36,nawi,0.131
2018-06-19T15:18:00Z,21.957,-159.36,nawi,0.139
2018-06-19T15:19:00Z,21.957,-159.36,nawi,0.138
2018-06-19T15:20:00Z,21.957,-159.36,nawi,0.131
2018-06-19T15:21:00Z,21.957,-159.36,nawi,0.128
2018-06-19T15:22:00Z,21.957,-159.36,nawi,0.127
2018-06-19T15:23:00Z,21.957,-159.36,nawi,0.128
2018-06-19T15:24:00Z,21.957,-159.36,nawi,0.136
2018-06-19T15:25:00Z,21.957,-159.36,nawi,0.143
2018-06-19T15:26:00Z,21.957,-159.36,nawi,0.146
2018-06-19T15:27:00Z,21.957,-159.36,nawi,0.147
2018-06-19T15:28:00Z,21.957,-159.36,nawi,0.142
2018-06-19T15:29:00Z,21.957,-159.36,nawi,0.143
2018-06-19T15:30:00Z,21.957,-159.36,nawi,0.141
2018-06-19T15:31:00Z,21.957,-159.36,nawi,0.139
2018-06-19T15:32:00Z,21.957,-159.36,nawi,0.136
2018-06-19T15:33:00Z,21.957,-159.36,nawi,0.143
2018-06-19T15:34:00Z,21.957,-159.36,nawi,0.144
2018-06-19T15:35:00Z,21.957,-159.36,nawi,0.149
2018-06-19T15:36:00Z,21.957,-159.36,nawi,0.151
2018-06-19T15:37:00Z,21.957,-159.36,nawi,0.151
2018-06-19T15:38:00Z,21.957,-159.36,nawi,0.142
2018-06-19T15:39:00Z,21.957,-159.36,nawi,0.14
2018-06-19T15:40:00Z,21.957,-159.36,nawi,0.139
2018-06-19T15:41:00Z,21.957,-159.36,nawi,0.139
2018-06-19T15:42:00Z,21.957,-159.36,nawi,0.143
2018-06-19T15:43:00Z,21.957,-159.36,nawi,0.152
2018-06-19T15:44:00Z,21.957,-159.36,nawi,0.158
2018-06-19T15:45:00Z,21.957,-159.36,nawi,0.162
2018-06-19T15:46:00Z,21.957,-159.36,nawi,0.157
2018-06-19T15:47:00Z,21.957,-159.36,nawi,0.157
2018-06-19T15:48:00Z,21.957,-159.36,nawi,0.15
2018-06-19T15:49:00Z,21.957,-159.36,nawi,0.147
2018-06-19T15:50:00Z,21.957,-159.36,nawi,0.153
2018-06-19T15:51:00Z,21.957,-159.36,nawi,0.16
2018-06-19T15:52:00Z,21.957,-159.36,nawi,0.161
2018-06-19T15:53:00Z,21.957,-159.36,nawi,0.168
2018-06-19T15:54:00Z,21.957,-159.36,nawi,0.166
2018-06-19T15:55:00Z,21.957,-159.36,nawi,0.161
2018-06-19T15:56:00Z,21.957,-159.36,nawi,0.162
2018-06-19T15:57:00Z,21.957,-159.36,nawi,0.166
2018-06-19T15:58:00Z,21.957,-159.36,nawi,0.164
2018-06-19T15:59:00Z,21.957,-159.36,nawi,0.167
2018-06-19T16:00:00Z,21.957,-159.36,nawi,0.171
2018-06-19T16:01:00Z,21.957,-159.36,nawi,0.17
2018-06-19T16:02:00Z,21.957,-159.36,nawi,0.171
2018-06-19T16:03:00Z,21.957,-159.36,nawi,0.174
2018-06-19T16:04:00Z,21.957,-159.36,nawi,0.179
2018-06-19T16:05:00Z,21.957,-159.36,nawi,0.17
2018-06-19T16:06:00Z,21.957,-159.36,nawi,0.172
2018-06-19T16:07:00Z,21.957,-159.36,nawi,0.17
2018-06-19T16:08:00Z,21.957,-159.36,nawi,0.168
2018-06-19T16:09:00Z,21.957,-159.36,nawi,0.177
2018-06-19T16:10:00Z,21.957,-159.36,nawi,0.192
2018-06-19T16:11:00Z,21.957,-159.36,nawi,0.188
2018-06-19T16:12:00Z,21.957,-159.36,nawi,0.194
2018-06-19T16:13:00Z,21.957,-159.36,nawi,0.192
2018-06-19T16:14:00Z,21.957,-159.36,nawi,0.183
2018-06-19T16:15:00Z,21.957,-159.36,nawi,0.184
2018-06-19T16:16:00Z,21.957,-159.36,nawi,0.184
2018-06-19T16:17:00Z,21.957,-159.36,nawi,0.18
2018-06-19T16:18:00Z,21.957,-159.36,nawi,0.183
2018-06-19T16:19:00Z,21.957,-159.36,nawi,0.19
2018-06-19T16:20:00Z,21.957,-159.36,nawi,0.187
2018-06-19T16:21:00Z,21.957,-159.36,nawi,0.185
2018-06-19T16:22:00Z,21.957,-159.36,nawi,0.183
2018-06-19T16:23:00Z,21.957,-159.36,nawi,0.178
2018-06-19T16:24:00Z,21.957,-159.36,nawi,0.178
2018-06-19T16:25:00Z,21.957,-159.36,nawi,0.186
2018-06-19T16:26:00Z,21.957,-159.36,nawi,0.192
2018-06-19T16:27:00Z,21.957,-159.36,nawi,0.199
2018-06-19T16:28:00Z,21.957,-159.36,nawi,0.208
2018-06-19T16:29:00Z,21.957,-159.36,nawi,0.208
2018-06-19T16:30:00Z,21.957,-159.36,nawi,0.204
2018-06-19T16:31:00Z,21.957,-159.36,nawi,0.205
2018-06-19T16:32:00Z,21.957,-159.36,nawi,0.204
2018-06-19T16:33:00Z,21.957,-159.36,nawi,0.199
2018-06-19T16:34:00Z,21.957,-159.36,nawi,0.197
2018-06-19T16:35:00Z,21.957,-159.36,nawi,0.202
2018-06-19T16:36:00Z,21.957,-159.36,nawi,0.2
2018-06-19T16:37:00Z,21.957,-159.36,nawi,0.208
2018-06-19T16:38:00Z,21.957,-159.36,nawi,0.209
2018-06-19T16:39:00Z,21.957,-159.36,nawi,0.208
2018-06-19T16:40:00Z,21.957,-159.36,nawi,0.21
2018-06-19T16:41:00Z,21.957,-159.36,nawi,0.211
2018-06-19T16:42:00Z,21.957,-159.36,nawi,0.204
2018-06-19T16:43:00Z,21.957,-159.36,nawi,0.208
2018-06-19T16:44:00Z,21.957,-159.36,nawi,0.217
2018-06-19T16:45:00Z,21.957,-159.36,nawi,0.222
2018-06-19T16:46:00Z,21.957,-159.36,nawi,0.227
2018-06-19T16:47:00Z,21.957,-159.36,nawi,0.223
2018-06-19T16:48:00Z,21.957,-159.36,nawi,0.22
2018-06-19T16:49:00Z,21.957,-159.36,nawi,0.22
2018-06-19T16:50:00Z,21.957,-159.36,nawi,0.219
2018-06-19T16:51:00Z,21.957,-159.36,nawi,0.223
2018-06-19T16:52:00Z,21.957,-159.36,nawi,0.228
2018-06-19T16:53:00Z,21.957,-159.36,nawi,0.23
2018-06-19T16:54:00Z,21.957,-159.36,nawi,0.236
2018-06-19T16:55:00Z,21.957,-159.36,nawi,0.233
2018-06-19T16:56:00Z,21.957,-159.36,nawi,0.228
2018-06-19T16:57:00Z,21.957,-159.36,nawi,0.232
2018-06-19T16:58:00Z,21.957,-159.36,nawi,0.23
2018-06-19T16:59:00Z,21.957,-159.36,nawi,0.229
2018-06-19T17:00:00Z,21.957,-159.36,nawi,0.237
2018-06-19T17:01:00Z,21.957,-159.36,nawi,0.236
2018-06-19T17:02:00Z,21.957,-159.36,nawi,0.242
2018-06-19T17:03:00Z,21.957,-159.36,nawi,0.248
2018-06-19T17:04:00Z,21.957,-159.36,nawi,0.25
2018-06-19T17:05:00Z,21.957,-159.36,nawi,0.251
2018-06-19T17:06:00Z,21.957,-159.36,nawi,0.252
2018-06-19T17:07:00Z,21.957,-159.36,nawi,0.251
2018-06-19T17:08:00Z,21.957,-159.36,nawi,0.254
2018-06-19T17:09:00Z,21.957,-159.36,nawi,0.254
2018-06-19T17:10:00Z,21.957,-159.36,nawi,0.245
2018-06-19T17:11:00Z,21.957,-159.36,nawi,0.25
2018-06-19T17:12:00Z,21.957,-159.36,nawi,0.244
2018-06-19T17:13:00Z,21.957,-159.36,nawi,0.242
2018-06-19T17:14:00Z,21.957,-159.36,nawi,0.26
2018-06-19T17:15:00Z,21.957,-159.36,nawi,0.262
2018-06-19T17:16:00Z,21.957,-159.36,nawi,0.261
2018-06-19T17:17:00Z,21.957,-159.36,nawi,0.268
2018-06-19T17:18:00Z,21.957,-159.36,nawi,0.266
2018-06-19T17:19:00Z,21.957,-159.36,nawi,0.262
2018-06-19T17:20:00Z,21.957,-159.36,nawi,0.277
2018-06-19T17:21:00Z,21.957,-159.36,nawi,0.278
2018-06-19T17:22:00Z,21.957,-159.36,nawi,0.273
2018-06-19T17:23:00Z,21.957,-159.36,nawi,0.277
2018-06-19T17:24:00Z,21.957,-159.36,nawi,0.274
2018-06-19T17:25:00Z,21.957,-159.36,nawi,0.266
2018-06-19T17:26:00Z,21.957,-159.36,nawi,0.275
2018-06-19T17:27:00Z,21.957,-159.36,nawi,0.274
2018-06-19T17:28:00Z,21.957,-159.36,nawi,0.274
2018-06-19T17:29:00Z,21.957,-159.36,nawi,0.272
2018-06-19T17:30:00Z,21.957,-159.36,nawi,0.279
2018-06-19T17:31:00Z,21.957,-159.36,nawi,0.28
2018-06-19T17:32:00Z,21.957,-159.36,nawi,0.277
2018-06-19T17:33:00Z,21.957,-159.36,nawi,0.284
2018-06-19T17:34:00Z,21.957,-159.36,nawi,0.292
2018-06-19T17:35:00Z,21.957,-159.36,nawi,0.282
2018-06-19T17:36:00Z,21.957,-159.36,nawi,0.285
2018-06-19T17:37:00Z,21.957,-159.36,nawi,0.288
2018-06-19T17:38:00Z,21.957,-159.36,nawi,0.278
2018-06-19T17:39:00Z,21.957,-159.36,nawi,0.286
2018-06-19T17:40:00Z,21.957,-159.36,nawi,0.296
2018-06-19T17:41:00Z,21.957,-159.36,nawi,0.291
2018-06-19T17:42:00Z,21.957,-159.36,nawi,0.299
2018-06-19T17:43:00Z,21.957,-159.36,nawi,0.316
2018-06-19T17:44:00Z,21.957,-159.36,nawi,0.303
2018-06-19T17:45:00Z,21.957,-159.36,nawi,0.304
2018-06-19T17:46:00Z,21.957,-159.36,nawi,0.306
2018-06-19T17:47:00Z,21.957,-159.36,nawi,0.289
2018-06-19T17:48:00Z,21.957,-159.36,nawi,0.292
2018-06-19T17:49:00Z,21.957,-159.36,nawi,0.302
2018-06-19T17:50:00Z,21.957,-159.36,nawi,0.299
2018-06-19T17:51:00Z,21.957,-159.36,nawi,0.303
2018-06-19T17:52:00Z,21.957,-159.36,nawi,0.307
2018-06-19T17:53:00Z,21.957,-159.36,nawi,0.3
2018-06-19T17:54:00Z,21.957,-159.36,nawi,0.295
2018-06-19T17:55:00Z,21.957,-159.36,nawi,0.298
2018-06-19T17:56:00Z,21.957,-159.36,nawi,0.297
2018-06-19T17:57:00Z,21.957,-159.36,nawi,0.295
2018-06-19T17:58:00Z,21.957,-159.36,nawi,0.301
2018-06-19T17:59:00Z,21.957,-159.36,nawi,0.312
2018-06-19T18:00:00Z,21.957,-159.36,nawi,0.316
2018-06-19T18:01:00Z,21.957,-159.36,nawi,0.322
2018-06-19T18:02:00Z,21.957,-159.36,nawi,0.329
2018-06-19T18:03:00Z,21.957,-159.36,nawi,0.326
2018-06-19T18:04:00Z,21.957,-159.36,nawi,0.317
2018-06-19T18:05:00Z,21.957,-159.36,nawi,0.317
2018-06-19T18:06:00Z,21.957,-159.36,nawi,0.31
2018-06-19T18:07:00Z,21.957,-159.36,nawi,0.306
2018-06-19T18:08:00Z,21.957,-159.36,nawi,0.307
2018-06-19T18:09:00Z,21.957,-159.36,nawi,0.302
2018-06-19T18:10:00Z,21.957,-159.36,nawi,0.302
2018-06-19T18:11:00Z,21.957,-159.36,nawi,0.304
2018-06-19T18:12:00Z,21.957,-159.36,nawi,0.308
2018-06-19T18:13:00Z,21.957,-159.36,nawi,0.307
2018-06-19T18:14:00Z,21.957,-159.36,nawi,0.312
2018-06-19T18:15:00Z,21.957,-159.36,nawi,0.314
2018-06-19T18:16:00Z,21.957,-159.36,nawi,0.32
2018-06-19T18:17:00Z,21.957,-159.36,nawi,0.323
2018-06-19T18:18:00Z,21.957,-159.36,nawi,0.327
2018-06-19T18:19:00Z,21.957,-159.36,nawi,0.333
2018-06-19T18:20:00Z,21.957,-159.36,nawi,0.329
2018-06-19T18:21:00Z,21.957,-159.36,nawi,0.324
2018-06-19T18:22:00Z,21.957,-159.36,nawi,0.319
2018-06-19T18:23:00Z,21.957,-159.36,nawi,0.312
2018-06-19T18:24:00Z,21.957,-159.36,nawi,0.308
2018-06-19T18:25:00Z,21.957,-159.36,nawi,0.314
2018-06-19T18:26:00Z,21.957,-159.36,nawi,0.316
2018-06-19T18:27:00Z,21.957,-159.36,nawi,0.318
2018-06-19T18:28:00Z,21.957,-159.36,nawi,0.324
2018-06-19T18:29:00Z,21.957,-159.36,nawi,0.325
2018-06-19T18:30:00Z,21.957,-159.36,nawi,0.314
2018-06-19T18:31:00Z,21.957,-159.36,nawi,0.322
2018-06-19T18:32:00Z,21.957,-159.36,nawi,0.322
2018-06-19T18:33:00Z,21.957,-159.36,nawi,0.323
2018-06-19T18:34:00Z,21.957,-159.36,nawi,0.328
2018-06-19T18:35:00Z,21.957,-159.36,nawi,0.332
2018-06-19T18:36:00Z,21.957,-159.36,nawi,0.326
2018-06-19T18:37:00Z,21.957,-159.36,nawi,0.328
2018-06-19T18:38:00Z,21.957,-159.36,nawi,0.321
2018-06-19T18:39:00Z,21.957,-159.36,nawi,0.318
2018-06-19T18:40:00Z,21.957,-159.36,nawi,0.32
2018-06-19T18:41:00Z,21.957,-159.36,nawi,0.324
2018-06-19T18:42:00Z,21.957,-159.36,nawi,0.327
2018-06-19T18:43:00Z,21.957,-159.36,nawi,0.327
2018-06-19T18:44:00Z,21.957,-159.36,nawi,0.33
2018-06-19T18:45:00Z,21.957,-159.36,nawi,0.33
2018-06-19T18:46:00Z,21.957,-159.36,nawi,0.327
2018-06-19T18:47:00Z,21.957,-159.36,nawi,0.324
2018-06-19T18:48:00Z,21.957,-159.36,nawi,0.324
2018-06-19T18:49:00Z,21.957,-159.36,nawi,0.322
2018-06-19T18:50:00Z,21.957,-159.36,nawi,0.321
2018-06-19T18:51:00Z,21.957,-159.36,nawi,0.322
2018-06-19T18:52:00Z,21.957,-159.36,nawi,0.326
2018-06-19T18:53:00Z,21.957,-159.36,nawi,0.329
2018-06-19T18:54:00Z,21.957,-159.36,nawi,0.331
2018-06-19T18:55:00Z,21.957,-159.36,nawi,0.329
2018-06-19T18:56:00Z,21.957,-159.36,nawi,0.327
2018-06-19T18:57:00Z,21.957,-159.36,nawi,0.32
2018-06-19T18:58:00Z,21.957,-159.36,nawi,0.315
2018-06-19T18:59:00Z,21.957,-159.36,nawi,0.319
2018-06-19T19:00:00Z,21.957,-159.36,nawi,0.321
2018-06-19T19:01:00Z,21.957,-159.36,nawi,0.325
2018-06-19T19:02:00Z,21.957,-159.36,nawi,0.334
2018-06-19T19:03:00Z,21.957,-159.36,nawi,0.334
2018-06-19T19:04:00Z,21.957,-159.36,nawi,0.333
2018-06-19T19:05:00Z,21.957,-159.36,nawi,0.331
2018-06-19T19:06:00Z,21.957,-159.36,nawi,0.324
2018-06-19T19:07:00Z,21.957,-159.36,nawi,0.319
2018-06-19T19:08:00Z,21.957,-159.36,nawi,0.32
2018-06-19T19:09:00Z,21.957,-159.36,nawi,0.323
2018-06-19T19:10:00Z,21.957,-159.36,nawi,0.32
2018-06-19T19:11:00Z,21.957,-159.36,nawi,0.329
2018-06-19T19:12:00Z,21.957,-159.36,nawi,0.326
2018-06-19T19:13:00Z,21.957,-159.36,nawi,0.328
2018-06-19T19:14:00Z,21.957,-159.36,nawi,0.323
2018-06-19T19:15:00Z,21.957,-159.36,nawi,0.33
2018-06-19T19:16:00Z,21.957,-159.36,nawi,0.323
2018-06-19T19:17:00Z,21.957,-159.36,nawi,0.328
2018-06-19T19:18:00Z,21.957,-159.36,nawi,0.323
2018-06-19T19:19:00Z,21.957,-159.36,nawi,0.328
2018-06-19T19:20:00Z,21.957,-159.36,nawi,0.326
2018-06-19T19:21:00Z,21.957,-159.36,nawi,0.329
2018-06-19T19:22:00Z,21.957,-159.36,nawi,0.325
2018-06-19T19:23:00Z,21.957,-159.36,nawi,0.325
2018-06-19T19:24:00Z,21.957,-159.36,nawi,0.323
2018-06-19T19:25:00Z,21.957,-159.36,nawi,0.33
2018-06-19T19:26:00Z,21.957,-159.36,nawi,0.326
2018-06-19T19:27:00Z,21.957,-159.36,nawi,0.33
2018-06-19T19:28:00Z,21.957,-159.36,nawi,0.332
2018-06-19T19:29:00Z,21.957,-159.36,nawi,0.333
2018-06-19T19:30:00Z,21.957,-159.36,nawi,0.333
2018-06-19T19:31:00Z,21.957,-159.36,nawi,0.329
2018-06-19T19:32:00Z,21.957,-159.36,nawi,0.329
2018-06-19T19:33:00Z,21.957,-159.36,nawi,0.328
2018-06-19T19:34:00Z,21.957,-159.36,nawi,0.319
2018-06-19T19:35:00Z,21.957,-159.36,nawi,0.319
2018-06-19T19:36:00Z,21.957,-159.36,nawi,0.319
2018-06-19T19:37:00Z,21.957,-159.36,nawi,0.314
2018-06-19T19:38:00Z,21.957,-159.36,nawi,0.317
2018-06-19T19:39:00Z,21.957,-159.36,nawi,0.326
2018-06-19T19:40:00Z,21.957,-159.36,nawi,0.32
2018-06-19T19:41:00Z,21.957,-159.36,nawi,0.327
2018-06-19T19:42:00Z,21.957,-159.36,nawi,0.329
2018-06-19T19:43:00Z,21.957,-159.36,nawi,0.328
2018-06-19T19:44:00Z,21.957,-159.36,nawi,0.325
2018-06-19T19:45:00Z,21.957,-159.36,nawi,0.326
2018-06-19T19:46:00Z,21.957,-159.36,nawi,0.321
2018-06-19T19:47:00Z,21.957,-159.36,nawi,0.324
2018-06-19T19:48:00Z,21.957,-159.36,nawi,0.324
2018-06-19T19:49:00Z,21.957,-159.36,nawi,0.326
2018-06-19T19:50:00Z,21.957,-159.36,nawi,0.326
2018-06-19T19:51:00Z,21.957,-159.36,nawi,0.326
2018-06-19T19:52:00Z,21.957,-159.36,nawi,0.316
2018-06-19T19:53:00Z,21.957,-159.36,nawi,0.323
2018-06-19T19:54:00Z,21.957,-159.36,nawi,0.321
2018-06-19T19:55:00Z,21.957,-159.36,nawi,0.322
2018-06-19T19:56:00Z,21.957,-159.36,nawi,0.325
2018-06-19T19:57:00Z,21.957,-159.36,nawi,0.334
2018-06-19T19:58:00Z,21.957,-159.36,nawi,0.329
2018-06-19T19:59:00Z,21.957,-159.36,nawi,0.336
2018-06-19T20:00:00Z,21.957,-159.36,nawi,0.329
2018-06-19T20:01:00Z,21.957,-159.36,nawi,0.321
2018-06-19T20:02:00Z,21.957,-159.36,nawi,0.325
2018-06-19T20:03:00Z,21.957,-159.36,nawi,0.318
2018-06-19T20:04:00Z,21.957,-159.36,nawi,0.31
2018-06-19T20:05:00Z,21.957,-159.36,nawi,0.316
2018-06-19T20:06:00Z,21.957,-159.36,nawi,0.317
2018-06-19T20:07:00Z,21.957,-159.36,nawi,0.319
2018-06-19T20:08:00Z,21.957,-159.36,nawi,0.327
2018-06-19T20:09:00Z,21.957,-159.36,nawi,0.328
2018-06-19T20:10:00Z,21.957,-159.36,nawi,0.328
2018-06-19T20:11:00Z,21.957,-159.36,nawi,0.324
2018-06-19T20:12:00Z,21.957,-159.36,nawi,0.315
2018-06-19T20:13:00Z,21.957,-159.36,nawi,0.312
2018-06-19T20:14:00Z,21.957,-159.36,nawi,0.32
2018-06-19T20:15:00Z,21.957,-159.36,nawi,0.312
2018-06-19T20:16:00Z,21.957,-159.36,nawi,0.321
2018-06-19T20:17:00Z,21.957,-159.36,nawi,0.323
2018-06-19T20:18:00Z,21.957,-159.36,nawi,0.317
2018-06-19T20:19:00Z,21.957,-159.36,nawi,0.324
2018-06-19T20:20:00Z,21.957,-159.36,nawi,0.316
2018-06-19T20:21:00Z,21.957,-159.36,nawi,0.313
2018-06-19T20:22:00Z,21.957,-159.36,nawi,0.318
2018-06-19T20:23:00Z,21.957,-159.36,nawi,0.316
2018-06-19T20:24:00Z,21.957,-159.36,nawi,0.31
2018-06-19T20:25:00Z,21.957,-159.36,nawi,0.321
2018-06-19T20:26:00Z,21.957,-159.36,nawi,0.316
2018-06-19T20:27:00Z,21.957,-159.36,nawi,0.315
2018-06-19T20:28:00Z,21.957,-159.36,nawi,0.324
2018-06-19T20:29:00Z,21.957,-159.36,nawi,0.318
2018-06-19T20:30:00Z,21.957,-159.36,nawi,0.314
2018-06-19T20:31:00Z,21.957,-159.36,nawi,0.318
2018-06-19T20:32:00Z,21.957,-159.36,nawi,0.311
2018-06-19T20:33:00Z,21.957,-159.36,nawi,0.309
2018-06-19T20:34:00Z,21.957,-159.36,nawi,0.313
2018-06-19T20:35:00Z,21.957,-159.36,nawi,0.317
2018-06-19T20:36:00Z,21.957,-159.36,nawi,0.318
2018-06-19T20:37:00Z,21.957,-159.36,nawi,0.314
2018-06-19T20:38:00Z,21.957,-159.36,nawi,0.314
2018-06-19T20:39:00Z,21.957,-159.36,nawi,0.307
2018-06-19T20:40:00Z,21.957,-159.36,nawi,0.311
2018-06-19T20:41:00Z,21.957,-159.36,nawi,0.312
2018-06-19T20:42:00Z,21.957,-159.36,nawi,0.318
2018-06-19T20:43:00Z,21.957,-159.36,nawi,0.322
2018-06-19T20:44:00Z,21.957,-159.36,nawi,0.32
2018-06-19T20:45:00Z,21.957,-159.36,nawi,0.316
2018-06-19T20:46:00Z,21.957,-159.36,nawi,0.318
2018-06-19T20:47:00Z,21.957,-159.36,nawi,0.316
2018-06-19T20:48:00Z,21.957,-159.36,nawi,0.317
2018-06-19T20:49:00Z,21.957,-159.36,nawi,0.314
2018-06-19T20:50:00Z,21.957,-159.36,nawi,0.316
2018-06-19T20:51:00Z,21.957,-159.36,nawi,0.316
2018-06-19T20:52:00Z,21.957,-159.36,nawi,0.314
2018-06-19T20:53:00Z,21.957,-159.36,nawi,0.316
2018-06-19T20:54:00Z,21.957,-159.36,nawi,0.321
2018-06-19T20:55:00Z,21.957,-159.36,nawi,0.314
2018-06-19T20:56:00Z,21.957,-159.36,nawi,0.32
2018-06-19T20:57:00Z,21.957,-159.36,nawi,0.319
2018-06-19T20:58:00Z,21.957,-159.36,nawi,0.314
2018-06-19T20:59:00Z,21.957,-159.36,nawi,0.323
2018-06-19T21:00:00Z,21.957,-159.36,nawi,0.322
2018-06-19T21:01:00Z,21.957,-159.36,nawi,0.315
2018-06-19T21:02:00Z,21.957,-159.36,nawi,0.319
2018-06-19T21:03:00Z,21.957,-159.36,nawi,0.318
2018-06-19T21:04:00Z,21.957,-159.36,nawi,0.304
2018-06-19T21:05:00Z,21.957,-159.36,nawi,0.308
2018-06-19T21:06:00Z,21.957,-159.36,nawi,0.309
2018-06-19T21:07:00Z,21.957,-159.36,nawi,0.305
2018-06-19T21:08:00Z,21.957,-159.36,nawi,0.312
2018-06-19T21:09:00Z,21.957,-159.36,nawi,0.317
2018-06-19T21:10:00Z,21.957,-159.36,nawi,0.315
2018-06-19T21:11:00Z,21.957,-159.36,nawi,0.313
2018-06-19T21:12:00Z,21.957,-159.36,nawi,0.311
2018-06-19T21:13:00Z,21.957,-159.36,nawi,0.309
2018-06-19T21:14:00Z,21.957,-159.36,nawi,0.31
2018-06-19T21:15:00Z,21.957,-159.36,nawi,0.312
2018-06-19T21:16:00Z,21.957,-159.36,nawi,0.312
2018-06-19T21:17:00Z,21.957,-159.36,nawi,0.309
2018-06-19T21:18:00Z,21.957,-159.36,nawi,0.307
2018-06-19T21:19:00Z,21.957,-159.36,nawi,0.301
2018-06-19T21:20:00Z,21.957,-159.36,nawi,0.302
2018-06-19T21:21:00Z,21.957,-159.36,nawi,0.31
2018-06-19T21:22:00Z,21.957,-159.36,nawi,0.313
2018-06-19T21:23:00Z,21.957,-159.36,nawi,0.314
2018-06-19T21:24:00Z,21.957,-159.36,nawi,0.315
2018-06-19T21:25:00Z,21.957,-159.36,nawi,0.316
2018-06-19T21:26:00Z,21.957,-159.36,nawi,0.313
2018-06-19T21:27:00Z,21.957,-159.36,nawi,0.31
2018-06-19T21:28:00Z,21.957,-159.36,nawi,0.309
2018-06-19T21:29:00Z,21.957,-159.36,nawi,0.307
2018-06-19T21:30:00Z,21.957,-159.36,nawi,0.305
2018-06-19T21:31:00Z,21.957,-159.36,nawi,0.308
2018-06-19T21:32:00Z,21.957,-159.36,nawi,0.304
2018-06-19T21:33:00Z,21.957,-159.36,nawi,0.298
2018-06-19T21:34:00Z,21.957,-159.36,nawi,0.299
2018-06-19T21:35:00Z,21.957,-159.36,nawi,0.3
2018-06-19T21:36:00Z,21.957,-159.36,nawi,0.293
2018-06-19T21:37:00Z,21.957,-159.36,nawi,0.3
2018-06-19T21:38:00Z,21.957,-159.36,nawi,0.298
2018-06-19T21:39:00Z,21.957,-159.36,nawi,0.299
2018-06-19T21:40:00Z,21.957,-159.36,nawi,0.306
2018-06-19T21:41:00Z,21.957,-159.36,nawi,0.307
2018-06-19T21:42:00Z,21.957,-159.36,nawi,0.308
2018-06-19T21:43:00Z,21.957,-159.36,nawi,0.31
2018-06-19T21:44:00Z,21.957,-159.36,nawi,0.305
2018-06-19T21:45:00Z,21.957,-159.36,nawi,0.301
2018-06-19T21:46:00Z,21.957,-159.36,nawi,0.3
2018-06-19T21:47:00Z,21.957,-159.36,nawi,0.297
2018-06-19T21:48:00Z,21.957,-159.36,nawi,0.299
2018-06-19T21:49:00Z,21.957,-159.36,nawi,0.298
2018-06-19T21:50:00Z,21.957,-159.36,nawi,0.3
2018-06-19T21:51:00Z,21.957,-159.36,nawi,0.296
2018-06-19T21:52:00Z,21.957,-159.36,nawi,0.295
2018-06-19T21:53:00Z,21.957,-159.36,nawi,0.292
2018-06-19T21:54:00Z,21.957,-159.36,nawi,0.296
2018-06-19T21:55:00Z,21.957,-159.36,nawi,0.294
2018-06-19T21:56:00Z,21.957,-159.36,nawi,0.294
2018-06-19T21:57:00Z,21.957,-159.36,nawi,0.297
2018-06-19T21:58:00Z,21.957,-159.36,nawi,0.301
2018-06-19T21:59:00Z,21.957,-159.36,nawi,0.303
2018-06-19T22:00:00Z,21.957,-159.36,nawi,0.305
2018-06-19T22:01:00Z,21.957,-159.36,nawi,0.302
2018-06-19T22:02:00Z,21.957,-159.36,nawi,0.298
2018-06-19T22:03:00Z,21.957,-159.36,nawi,0.292
2018-06-19T22:04:00Z,21.957,-159.36,nawi,0.292
2018-06-19T22:05:00Z,21.957,-159.36,nawi,0.294
2018-06-19T22:06:00Z,21.957,-159.36,nawi,0.295
2018-06-19T22:07:00Z,21.957,-159.36,nawi,0.299
2018-06-19T22:08:00Z,21.957,-159.36,nawi,0.3
2018-06-19T22:09:00Z,21.957,-159.36,nawi,0.295
2018-06-19T22:10:00Z,21.957,-159.36,nawi,0.293
2018-06-19T22:11:00Z,21.957,-159.36,nawi,0.294
2018-06-19T22:12:00Z,21.957,-159.36,nawi,0.295
2018-06-19T22:13:00Z,21.957,-159.36,nawi,0.297
2018-06-19T22:14:00Z,21.957,-159.36,nawi,0.298
2018-06-19T22:15:00Z,21.957,-159.36,nawi,0.299
2018-06-19T22:16:00Z,21.957,-159.36,nawi,0.299
2018-06-19T22:17:00Z,21.957,-159.36,nawi,0.297
2018-06-19T22:18:00Z,21.957,-159.36,nawi,0.294
2018-06-19T22:19:00Z,21.957,-159.36,nawi,0.296
2018-06-19T22:20:00Z,21.957,-159.36,nawi,0.294
2018-06-19T22:21:00Z,21.957,-159.36,nawi,0.293
2018-06-19T22:22:00Z,21.957,-159.36,nawi,0.295
2018-06-19T22:23:00Z,21.957,-159.36,nawi,0.296
2018-06-19T22:24:00Z,21.957,-159.36,nawi,0.294
2018-06-19T22:25:00Z,21.957,-159.36,nawi,0.295
2018-06-19T22:26:00Z,21.957,-159.36,nawi,0.293
2018-06-19T22:27:00Z,21.957,-159.36,nawi,0.293
2018-06-19T22:28:00Z,21.957,-159.36,nawi,0.29
2018-06-19T22:29:00Z,21.957,-159.36,nawi,0.291
2018-06-19T22:30:00Z,21.957,-159.36,nawi,0.288
2018-06-19T22:31:00Z,21.957,-159.36,nawi,0.286
2018-06-19T22:32:00Z,21.957,-159.36,nawi,0.286
2018-06-19T22:33:00Z,21.957,-159.36,nawi,0.285
2018-06-19T22:34:00Z,21.957,-159.36,nawi,0.29
2018-06-19T22:35:00Z,21.957,-159.36,nawi,0.291
2018-06-19T22:36:00Z,21.957,-159.36,nawi,0.291
2018-06-19T22:37:00Z,21.957,-159.36,nawi,0.294
2018-06-19T22:38:00Z,21.957,-159.36,nawi,0.289
2018-06-19T22:39:00Z,21.957,-159.36,nawi,0.286
2018-06-19T22:40:00Z,21.957,-159.36,nawi,0.288
2018-06-19T22:41:00Z,21.957,-159.36,nawi,0.287
2018-06-19T22:42:00Z,21.957,-159.36,nawi,0.288
2018-06-19T22:43:00Z,21.957,-159.36,nawi,0.29
2018-06-19T22:44:00Z,21.957,-159.36,nawi,0.285
2018-06-19T22:45:00Z,21.957,-159.36,nawi,0.284
2018-06-19T22:46:00Z,21.957,-159.36,nawi,0.284
2018-06-19T22:47:00Z,21.957,-159.36,nawi,0.28
2018-06-19T22:48:00Z,21.957,-159.36,nawi,0.282
2018-06-19T22:49:00Z,21.957,-159.36,nawi,0.285
2018-06-19T22:50:00Z,21.957,-159.36,nawi,0.284
2018-06-19T22:51:00Z,21.957,-159.36,nawi,0.283
2018-06-19T22:52:00Z,21.957,-159.36,nawi,0.287
2018-06-19T22:53:00Z,21.957,-159.36,nawi,0.28
2018-06-19T22:54:00Z,21.957,-159.36,nawi,0.278
2018-06-19T22:55:00Z,21.957,-159.36,nawi,0.28
2018-06-19T22:56:00Z,21.957,-159.36,nawi,0.276
2018-06-19T22:57:00Z,21.957,-159.36,nawi,0.272
2018-06-19T22:58:00Z,21.957,-159.36,nawi,0.281
2018-06-19T22:59:00Z,21.957,-159.36,nawi,0.275
2018-06-19T23:00:00Z,21.957,-159.36,nawi,0.274
2018-06-19T23:01:00Z,21.957,-159.36,nawi,0.271
2018-06-19T23:02:00Z,21.957,-159.36,nawi,0.27
2018-06-19T23:03:00Z,21.957,-159.36,nawi,0.27
2018-06-19T23:04:00Z,21.957,-159.36,nawi,0.273
2018-06-19T23:05:00Z,21.957,-159.36,nawi,0.269
2018-06-19T23:06:00Z,21.957,-159.36,nawi,0.269
2018-06-19T23:07:00Z,21.957,-159.36,nawi,0.27
2018-06-19T23:08:00Z,21.957,-159.36,nawi,0.272
2018-06-19T23:09:00Z,21.957,-159.36,nawi,0.268
2018-06-19T23:10:00Z,21.957,-159.36,nawi,0.272
2018-06-19T23:11:00Z,21.957,-159.36,nawi,0.276
2018-06-19T23:12:00Z,21.957,-159.36,nawi,0.27
2018-06-19T23:13:00Z,21.957,-159.36,nawi,0.264
2018-06-19T23:14:00Z,21.957,-159.36,nawi,0.268
2018-06-19T23:15:00Z,21.957,-159.36,nawi,0.269
2018-06-19T23:16:00Z,21.957,-159.36,nawi,0.262
2018-06-19T23:17:00Z,21.957,-159.36,nawi,0.269
2018-06-19T23:18:00Z,21.957,-159.36,nawi,0.268
2018-06-19T23:19:00Z,21.957,-159.36,nawi,0.264
2018-06-19T23:20:00Z,21.957,-159.36,nawi,0.269
2018-06-19T23:21:00Z,21.957,-159.36,nawi,0.265
2018-06-19T23:22:00Z,21.957,-159.36,nawi,0.257
2018-06-19T23:23:00Z,21.957,-159.36,nawi,0.263
2018-06-19T23:24:00Z,21.957,-159.36,nawi,0.264
2018-06-19T23:25:00Z,21.957,-159.36,nawi,0.263
2018-06-19T23:26:00Z,21.957,-159.36,nawi,0.258
2018-06-19T23:27:00Z,21.957,-159.36,nawi,0.254
2018-06-19T23:28:00Z,21.957,-159.36,nawi,0.25
2018-06-19T23:29:00Z,21.957,-159.36,nawi,0.249
2018-06-19T23:30:00Z,21.957,-159.36,nawi,0.253
2018-06-19T23:31:00Z,21.957,-159.36,nawi,0.254
2018-06-19T23:32:00Z,21.957,-159.36,nawi,0.26
2018-06-19T23:33:00Z,21.957,-159.36,nawi,0.267
2018-06-19T23:34:00Z,21.957,-159.36,nawi,0.261
2018-06-19T23:35:00Z,21.957,-159.36,nawi,0.259
2018-06-19T23:36:00Z,21.957,-159.36,nawi,0.259
2018-06-19T23:37:00Z,21.957,-159.36,nawi,0.257
2018-06-19T23:38:00Z,21.957,-159.36,nawi,0.255
2018-06-19T23:39:00Z,21.957,-159.36,nawi,0.26
2018-06-19T23:40:00Z,21.957,-159.36,nawi,0.267
2018-06-19T23:41:00Z,21.957,-159.36,nawi,0.262
2018-06-19T23:42:00Z,21.957,-159.36,nawi,0.26
2018-06-19T23:43:00Z,21.957,-159.36,nawi,0.258
2018-06-19T23:44:00Z,21.957,-159.36,nawi,0.252
2018-06-19T23:45:00Z,21.957,-159.36,nawi,0.242
2018-06-19T23:46:00Z,21.957,-159.36,nawi,0.247
2018-06-19T23:47:00Z,21.957,-159.36,nawi,0.244
2018-06-19T23:48:00Z,21.957,-159.36,nawi,0.245
2018-06-19T23:49:00Z,21.957,-159.36,nawi,0.254
2018-06-19T23:50:00Z,21.957,-159.36,nawi,0.257
2018-06-19T23:51:00Z,21.957,-159.36,nawi,0.253
2018-06-19T23:52:00Z,21.957,-159.36,nawi,0.26
2018-06-19T23:53:00Z,21.957,-159.36,nawi,0.257
2018-06-19T23:54:00Z,21.957,-159.36,nawi,0.257
2018-06-19T23:55:00Z,21.957,-159.36,nawi,0.257
2018-06-19T23:56:00Z,21.957,-159.36,nawi,0.259
2018-06-19T23:57:00Z,21.957,-159.36,nawi,0.262
2018-06-19T23:58:00Z,21.957,-159.36,nawi,0.258
2018-06-19T23:59:00Z,21.957,-159.36,nawi,0.255
2018-06-20T00:00:00Z,21.957,-159.36,nawi,0.255
2018-06-20T00:01:00Z,21.957,-159.36,nawi,0.244
2018-06-20T00:02:00Z,21.957,-159.36,nawi,0.238
2018-06-20T00:03:00Z,21.957,-159.36,nawi,0.244
2018-06-20T00:04:00Z,21.957,-159.36,nawi,0.24
2018-06-20T00:05:00Z,21.957,-159.36,nawi,0.25
2018-06-20T00:06:00Z,21.957,-159.36,nawi,0.259
2018-06-20T00:07:00Z,21.957,-159.36,nawi,0.252
2018-06-20T00:08:00Z,21.957,-159.36,nawi,0.257
2018-06-20T00:09:00Z,21.957,-159.36,nawi,0.261
2018-06-20T00:10:00Z,21.957,-159.36,nawi,0.249
2018-06-20T00:11:00Z,21.957,-159.36,nawi,0.256
2018-06-20T00:12:00Z,21.957,-159.36,nawi,0.255
2018-06-20T00:13:00Z,21.957,-159.36,nawi,0.248
2018-06-20T00:14:00Z,21.957,-159.36,nawi,0.248
2018-06-20T00:15:00Z,21.957,-159.36,nawi,0.255
2018-06-20T00:16:00Z,21.957,-159.36,nawi,0.241
2018-06-20T00:17:00Z,21.957,-159.36,nawi,0.247
2018-06-20T00:18:00Z,21.957,-159.36,nawi,0.247
2018-06-20T00:19:00Z,21.957,-159.36,nawi,0.242
2018-06-20T00:20:00Z,21.957,-159.36,nawi,0.242
2018-06-20T00:21:00Z,21.957,-159.36,nawi,0.242
2018-06-20T00:22:00Z,21.957,-159.36,nawi,0.242
2018-06-20T00:23:00Z,21.957,-159.36,nawi,0.252
2018-06-20T00:24:00Z,21.957,-159.36,nawi,0.256
2018-06-20T00:25:00Z,21.957,-159.36,nawi,0.257
2018-06-20T00:26:00Z,21.957,-159.36,nawi,0.264
2018-06-20T00:27:00Z,21.957,-159.36,nawi,0.254
2018-06-20T00:28:00Z,21.957,-159.36,nawi,0.246
2018-06-20T00:29:00Z,21.957,-159.36,nawi,0.248
2018-06-20T00:30:00Z,21.957,-159.36,nawi,0.243
2018-06-20T00:31:00Z,21.957,-159.36,nawi,0.242
2018-06-20T00:32:00Z,21.957,-159.36,nawi,0.254
2018-06-20T00:33:00Z,21.957,-159.36,nawi,0.247
2018-06-20T00:34:00Z,21.957,-159.36,nawi,0.251
2018-06-20T00:35:00Z,21.957,-159.36,nawi,0.248
2018-06-20T00:36:00Z,21.957,-159.36,nawi,0.241
2018-06-20T00:37:00Z,21.957,-159.36,nawi,0.24
2018-06-20T00:38:00Z,21.957,-159.36,nawi,0.248
2018-06-20T00:39:00Z,21.957,-159.36,nawi,0.25
2018-06-20T00:40:00Z,21.957,-159.36,nawi,0.26
2018-06-20T00:41:00Z,21.957,-159.36,nawi,0.263
2018-06-20T00:42:00Z,21.957,-159.36,nawi,0.261
2018-06-20T00:43:00Z,21.957,-159.36,nawi,0.261
2018-06-20T00:44:00Z,21.957,-159.36,nawi,0.257
2018-06-20T00:45:00Z,21.957,-159.36,nawi,0.247
2018-06-20T00:46:00Z,21.957,-159.36,nawi,0.246
2018-06-20T00:47:00Z,21.957,-159.36,nawi,0.243
2018-06-20T00:48:00Z,21.957,-159.36,nawi,0.249
2018-06-20T00:49:00Z,21.957,-159.36,nawi,0.248
2018-06-20T00:50:00Z,21.957,-159.36,nawi,0.252
2018-06-20T00:51:00Z,21.957,-159.36,nawi,0.256
2018-06-20T00:52:00Z,21.957,-159.36,nawi,0.255
2018-06-20T00:53:00Z,21.957,-159.36,nawi,0.252
2018-06-20T00:54:00Z,21.957,-159.36,nawi,0.256
2018-06-20T00:55:00Z,21.957,-159.36,nawi,0.254
2018-06-20T00:56:00Z,21.957,-159.36,nawi,0.256
2018-06-20T00:57:00Z,21.957,-159.36,nawi,0.257
2018-06-20T00:58:00Z,21.957,-159.36,nawi,0.263
2018-06-20T00:59:00Z,21.957,-159.36,nawi,0.262
2018-06-20T01:00:00Z,21.957,-159.36,nawi,0.262
2018-06-20T01:01:00Z,21.957,-159.36,nawi,0.265
2018-06-20T01:02:00Z,21.957,-159.36,nawi,0.259
2018-06-20T01:03:00Z,21.957,-159.36,nawi,0.256
2018-06-20T01:04:00Z,21.957,-159.36,nawi,0.259
2018-06-20T01:05:00Z,21.957,-159.36,nawi,0.262
2018-06-20T01:06:00Z,21.957,-159.36,nawi,0.262
2018-06-20T01:07:00Z,21.957,-159.36,nawi,0.265
2018-06-20T01:08:00Z,21.957,-159.36,nawi,0.265
2018-06-20T01:09:00Z,21.957,-159.36,nawi,0.267
2018-06-20T01:10:00Z,21.957,-159.36,nawi,0.267
2018-06-20T01:11:00Z,21.957,-159.36,nawi,0.27
2018-06-20T01:12:00Z,21.957,-159.36,nawi,0.266
2018-06-20T01:13:00Z,21.957,-159.36,nawi,0.267
2018-06-20T01:14:00Z,21.957,-159.36,nawi,0.268
2018-06-20T01:15:00Z,21.957,-159.36,nawi,0.268
2018-06-20T01:16:00Z,21.957,-159.36,nawi,0.267
2018-06-20T01:17:00Z,21.957,-159.36,nawi,0.269
2018-06-20T01:18:00Z,21.957,-159.36,nawi,0.266
2018-06-20T01:19:00Z,21.957,-159.36,nawi,0.263
2018-06-20T01:20:00Z,21.957,-159.36,nawi,0.265
2018-06-20T01:21:00Z,21.957,-159.36,nawi,0.265
2018-06-20T01:22:00Z,21.957,-159.36,nawi,0.272
2018-06-20T01:23:00Z,21.957,-159.36,nawi,0.275
2018-06-20T01:24:00Z,21.957,-159.36,nawi,0.28
2018-06-20T01:25:00Z,21.957,-159.36,nawi,0.28
2018-06-20T01:26:00Z,21.957,-159.36,nawi,0.273
2018-06-20T01:27:00Z,21.957,-159.36,nawi,0.272
2018-06-20T01:28:00Z,21.957,-159.36,nawi,0.274
2018-06-20T01:29:00Z,21.957,-159.36,nawi,0.271
2018-06-20T01:30:00Z,21.957,-159.36,nawi,0.278
2018-06-20T01:31:00Z,21.957,-159.36,nawi,0.282
2018-06-20T01:32:00Z,21.957,-159.36,nawi,0.278
2018-06-20T01:33:00Z,21.957,-159.36,nawi,0.28
2018-06-20T01:34:00Z,21.957,-159.36,nawi,0.283
2018-06-20T01:35:00Z,21.957,-159.36,nawi,0.274
2018-06-20T01:36:00Z,21.957,-159.36,nawi,0.273
2018-06-20T01:37:00Z,21.957,-159.36,nawi,0.277
2018-06-20T01:38:00Z,21.957,-159.36,nawi,0.276
2018-06-20T01:39:00Z,21.957,-159.36,nawi,0.278
2018-06-20T01:40:00Z,21.957,-159.36,nawi,0.285
2018-06-20T01:41:00Z,21.957,-159.36,nawi,0.281
2018-06-20T01:42:00Z,21.957,-159.36,nawi,0.278
2018-06-20T01:43:00Z,21.957,-159.36,nawi,0.277
2018-06-20T01:44:00Z,21.957,-159.36,nawi,0.277
2018-06-20T01:45:00Z,21.957,-159.36,nawi,0.276
2018-06-20T01:46:00Z,21.957,-159.36,nawi,0.284
2018-06-20T01:48:00Z,21.957,-159.36,nawi,0.282
2018-06-20T01:49:00Z,21.957,-159.36,nawi,0.29
2018-06-20T01:50:00Z,21.957,-159.36,nawi,0.286
2018-06-20T01:51:00Z,21.957,-159.36,nawi,0.281
2018-06-20T01:52:00Z,21.957,-159.36,nawi,0.286
2018-06-20T01:53:00Z,21.957,-159.36,nawi,0.29
2018-06-20T01:54:00Z,21.957,-159.36,nawi,0.282
2018-06-20T01:55:00Z,21.957,-159.36,nawi,0.285
2018-06-20T01:56:00Z,21.957,-159.36,nawi,0.289
2018-06-20T01:57:00Z,21.957,-159.36,nawi,0.288
2018-06-20T01:58:00Z,21.957,-159.36,nawi,0.287
2018-06-20T01:59:00Z,21.957,-159.36,nawi,0.292
2018-06-20T02:00:00Z,21.957,-159.36,nawi,0.286
2018-06-20T02:01:00Z,21.957,-159.36,nawi,0.287
2018-06-20T02:02:00Z,21.957,-159.36,nawi,0.292
2018-06-20T02:03:00Z,21.957,-159.36,nawi,0.291
2018-06-20T02:04:00Z,21.957,-159.36,nawi,0.295
2018-06-20T02:05:00Z,21.957,-159.36,nawi,0.299
2018-06-20T02:06:00Z,21.957,-159.36,nawi,0.3
2018-06-20T02:07:00Z,21.957,-159.36,nawi,0.303
2018-06-20T02:08:00Z,21.957,-159.36,nawi,0.301
2018-06-20T02:09:00Z,21.957,-159.36,nawi,0.309
2018-06-20T02:10:00Z,21.957,-159.36,nawi,0.303
2018-06-20T02:11:00Z,21.957,-159.36,nawi,0.298
2018-06-20T02:12:00Z,21.957,-159.36,nawi,0.305
2018-06-20T02:13:00Z,21.957,-159.36,nawi,0.303
2018-06-20T02:14:00Z,21.957,-159.36,nawi,0.296
2018-06-20T02:15:00Z,21.957,-159.36,nawi,0.309
2018-06-20T02:16:00Z,21.957,-159.36,nawi,0.305
2018-06-20T02:17:00Z,21.957,-159.36,nawi,0.299
2018-06-20T02:18:00Z,21.957,-159.36,nawi,0.31
2018-06-20T02:19:00Z,21.957,-159.36,nawi,0.315
2018-06-20T02:20:00Z,21.957,-159.36,nawi,0.303
2018-06-20T02:21:00Z,21.957,-159.36,nawi,0.316
2018-06-20T02:22:00Z,21.957,-159.36,nawi,0.316
2018-06-20T02:23:00Z,21.957,-159.36,nawi,0.303
2018-06-20T02:24:00Z,21.957,-159.36,nawi,0.303
2018-06-20T02:25:00Z,21.957,-159.36,nawi,0.309
2018-06-20T02:26:00Z,21.957,-159.36,nawi,0.305
2018-06-20T02:27:00Z,21.957,-159.36,nawi,0.312
2018-06-20T02:28:00Z,21.957,-159.36,nawi,0.319
2018-06-20T02:29:00Z,21.957,-159.36,nawi,0.322
2018-06-20T02:30:00Z,21.957,-159.36,nawi,0.324
2018-06-20T02:31:00Z,21.957,-159.36,nawi,0.324
2018-06-20T02:32:00Z,21.957,-159.36,nawi,0.327
2018-06-20T02:33:00Z,21.957,-159.36,nawi,0.323
2018-06-20T02:34:00Z,21.957,-159.36,nawi,0.317
2018-06-20T02:35:00Z,21.957,-159.36,nawi,0.318
2018-06-20T02:36:00Z,21.957,-159.36,nawi,0.316
2018-06-20T02:37:00Z,21.957,-159.36,nawi,0.314
2018-06-20T02:38:00Z,21.957,-159.36,nawi,0.318
2018-06-20T02:39:00Z,21.957,-159.36,nawi,0.32
2018-06-20T02:40:00Z,21.957,-159.36,nawi,0.324
2018-06-20T02:41:00Z,21.957,-159.36,nawi,0.327
2018-06-20T02:42:00Z,21.957,-159.36,nawi,0.325
2018-06-20T02:43:00Z,21.957,-159.36,nawi,0.32
2018-06-20T02:44:00Z,21.957,-159.36,nawi,0.328
2018-06-20T02:45:00Z,21.957,-159.36,nawi,0.333
2018-06-20T02:46:00Z,21.957,-159.36,nawi,0.332
2018-06-20T02:47:00Z,21.957,-159.36,nawi,0.337
2018-06-20T02:48:00Z,21.957,-159.36,nawi,0.34
2018-06-20T02:49:00Z,21.957,-159.36,nawi,0.324
2018-06-20T02:50:00Z,21.957,-159.36,nawi,0.328
2018-06-20T02:51:00Z,21.957,-159.36,nawi,0.331
2018-06-20T02:52:00Z,21.957,-159.36,nawi,0.326
2018-06-20T02:53:00Z,21.957,-159.36,nawi,0.334
2018-06-20T02:54:00Z,21.957,-159.36,nawi,0.344
2018-06-20T02:55:00Z,21.957,-159.36,nawi,0.34
2018-06-20T02:56:00Z,21.957,-159.36,nawi,0.342
2018-06-20T02:57:00Z,21.957,-159.36,nawi,0.343
2018-06-20T02:58:00Z,21.957,-159.36,nawi,0.331
2018-06-20T02:59:00Z,21.957,-159.36,nawi,0.337
2018-06-20T03:00:00Z,21.957,-159.36,nawi,0.339
2018-06-20T03:01:00Z,21.957,-159.36,nawi,0.335
2018-06-20T03:02:00Z,21.957,-159.36,nawi,0.343
2018-06-20T03:03:00Z,21.957,-159.36,nawi,0.35
2018-06-20T03:04:00Z,21.957,-159.36,nawi,0.351
2018-06-20T03:05:00Z,21.957,-159.36,nawi,0.358
2018-06-20T03:06:00Z,21.957,-159.36,nawi,0.356
2018-06-20T03:07:00Z,21.957,-159.36,nawi,0.355
2018-06-20T03:08:00Z,21.957,-159.36,nawi,0.357
2018-06-20T03:09:00Z,21.957,-159.36,nawi,0.357
2018-06-20T03:10:00Z,21.957,-159.36,nawi,0.356
2018-06-20T03:11:00Z,21.957,-159.36,nawi,0.357
2018-06-20T03:12:00Z,21.957,-159.36,nawi,0.359
2018-06-20T03:13:00Z,21.957,-159.36,nawi,0.364
2018-06-20T03:14:00Z,21.957,-159.36,nawi,0.359
2018-06-20T03:15:00Z,21.957,-159.36,nawi,0.357
2018-06-20T03:16:00Z,21.957,-159.36,nawi,0.355
2018-06-20T03:17:00Z,21.957,-159.36,nawi,0.349
2018-06-20T03:18:00Z,21.957,-159.36,nawi,0.345
2018-06-20T03:19:00Z,21.957,-159.36,nawi,0.347
2018-06-20T03:20:00Z,21.957,-159.36,nawi,0.352
2018-06-20T03:21:00Z,21.957,-159.36,nawi,0.362
2018-06-20T03:22:00Z,21.957,-159.36,nawi,0.366
2018-06-20T03:23:00Z,21.957,-159.36,nawi,0.37
2018-06-20T03:24:00Z,21.957,-159.36,nawi,0.373
2018-06-20T03:25:00Z,21.957,-159.36,nawi,0.37
2018-06-20T03:26:00Z,21.957,-159.36,nawi,0.375
2018-06-20T03:27:00Z,21.957,-159.36,nawi,0.375
2018-06-20T03:28:00Z,21.957,-159.36,nawi,0.369
2018-06-20T03:29:00Z,21.957,-159.36,nawi,0.371
2018-06-20T03:30:00Z,21.957,-159.36,nawi,0.371
2018-06-20T03:31:00Z,21.957,-159.36,nawi,0.364
2018-06-20T03:32:00Z,21.957,-159.36,nawi,0.368
2018-06-20T03:33:00Z,21.957,-159.36,nawi,0.373
2018-06-20T03:34:00Z,21.957,-159.36,nawi,0.369
2018-06-20T03:35:00Z,21.957,-159.36,nawi,0.365
2018-06-20T03:36:00Z,21.957,-159.36,nawi,0.367
2018-06-20T03:37:00Z,21.957,-159.36,nawi,0.367
2018-06-20T03:38:00Z,21.957,-159.36,nawi,0.379
2018-06-20T03:39:00Z,21.957,-159.36,nawi,0.388
2018-06-20T03:40:00Z,21.957,-159.36,nawi,0.388
2018-06-20T03:41:00Z,21.957,-159.36,nawi,0.389
2018-06-20T03:42:00Z,21.957,-159.36,nawi,0.381
2018-06-20T03:43:00Z,21.957,-159.36,nawi,0.374
2018-06-20T03:44:00Z,21.957,-159.36,nawi,0.372
2018-06-20T03:45:00Z,21.957,-159.36,nawi,0.369
2018-06-20T03:46:00Z,21.957,-159.36,nawi,0.374
2018-06-20T03:47:00Z,21.957,-159.36,nawi,0.38
2018-06-20T03:48:00Z,21.957,-159.36,nawi,0.377
2018-06-20T03:49:00Z,21.957,-159.36,nawi,0.384
2018-06-20T03:50:00Z,21.957,-159.36,nawi,0.387
2018-06-20T03:51:00Z,21.957,-159.36,nawi,0.381
2018-06-20T03:52:00Z,21.957,-159.36,nawi,0.388
2018-06-20T03:53:00Z,21.957,-159.36,nawi,0.387
2018-06-20T03:54:00Z,21.957,-159.36,nawi,0.385
2018-06-20T03:55:00Z,21.957,-159.36,nawi,0.392
2018-06-20T03:56:00Z,21.957,-159.36,nawi,0.388
2018-06-20T03:57:00Z,21.957,-159.36,nawi,0.387
2018-06-20T03:58:00Z,21.957,-159.36,nawi,0.392
2018-06-20T03:59:00Z,21.957,-159.36,nawi,0.387
2018-06-20T04:00:00Z,21.957,-159.36,nawi,0.386
2018-06-20T04:01:00Z,21.957,-159.36,nawi,0.393
2018-06-20T04:02:00Z,21.957,-159.36,nawi,0.391
2018-06-20T04:03:00Z,21.957,-159.36,nawi,0.387
2018-06-20T04:04:00Z,21.957,-159.36,nawi,0.397
2018-06-20T04:05:00Z,21.957,-159.36,nawi,0.4
2018-06-20T04:06:00Z,21.957,-159.36,nawi,0.401
2018-06-20T04:07:00Z,21.957,-159.36,nawi,0.403
2018-06-20T04:08:00Z,21.957,-159.36,nawi,0.406
2018-06-20T04:09:00Z,21.957,-159.36,nawi,0.403
2018-06-20T04:10:00Z,21.957,-159.36,nawi,0.401
2018-06-20T04:11:00Z,21.957,-159.36,nawi,0.408
2018-06-20T04:12:00Z,21.957,-159.36,nawi,0.418
2018-06-20T04:13:00Z,21.957,-159.36,nawi,0.413
2018-06-20T04:14:00Z,21.957,-159.36,nawi,0.409
2018-06-20T04:15:00Z,21.957,-159.36,nawi,0.401
2018-06-20T04:16:00Z,21.957,-159.36,nawi,0.396
2018-06-20T04:17:00Z,21.957,-159.36,nawi,0.39
2018-06-20T04:18:00Z,21.957,-159.36,nawi,0.393
2018-06-20T04:19:00Z,21.957,-159.36,nawi,0.403
2018-06-20T04:20:00Z,21.957,-159.36,nawi,0.416
2018-06-20T04:21:00Z,21.957,-159.36,nawi,0.415
2018-06-20T04:22:00Z,21.957,-159.36,nawi,0.417
2018-06-20T04:23:00Z,21.957,-159.36,nawi,0.424
2018-06-20T04:24:00Z,21.957,-159.36,nawi,0.418
2018-06-20T04:25:00Z,21.957,-159.36,nawi,0.421
2018-06-20T04:26:00Z,21.957,-159.36,nawi,0.425
2018-06-20T04:27:00Z,21.957,-159.36,nawi,0.417
2018-06-20T04:28:00Z,21.957,-159.36,nawi,0.417
2018-06-20T04:29:00Z,21.957,-159.36,nawi,0.424
2018-06-20T04:30:00Z,21.957,-159.36,nawi,0.414
2018-06-20T04:31:00Z,21.957,-159.36,nawi,0.416
2018-06-20T04:32:00Z,21.957,-159.36,nawi,0.419
2018-06-20T04:33:00Z,21.957,-159.36,nawi,0.421
2018-06-20T04:34:00Z,21.957,-159.36,nawi,0.417
2018-06-20T04:35:00Z,21.957,-159.36,nawi,0.424
2018-06-20T04:36:00Z,21.957,-159.36,nawi,0.43
2018-06-20T04:37:00Z,21.957,-159.36,nawi,0.434
2018-06-20T04:38:00Z,21.957,-159.36,nawi,0.442
2018-06-20T04:39:00Z,21.957,-159.36,nawi,0.443
2018-06-20T04:40:00Z,21.957,-159.36,nawi,0.442
2018-06-20T04:41:00Z,21.957,-159.36,nawi,0.442
2018-06-20T04:42:00Z,21.957,-159.36,nawi,0.438
2018-06-20T04:43:00Z,21.957,-159.36,nawi,0.432
2018-06-20T04:44:00Z,21.957,-159.36,nawi,0.43
2018-06-20T04:45:00Z,21.957,-159.36,nawi,0.433
2018-06-20T04:46:00Z,21.957,-159.36,nawi,0.437
2018-06-20T04:47:00Z,21.957,-159.36,nawi,0.443
2018-06-20T04:48:00Z,21.957,-159.36,nawi,0.443
2018-06-20T04:49:00Z,21.957,-159.36,nawi,0.443
2018-06-20T04:50:00Z,21.957,-159.36,nawi,0.438
2018-06-20T04:51:00Z,21.957,-159.36,nawi,0.445
2018-06-20T04:52:00Z,21.957,-159.36,nawi,0.439
2018-06-20T04:53:00Z,21.957,-159.36,nawi,0.444
2018-06-20T04:54:00Z,21.957,-159.36,nawi,0.459
2018-06-20T04:55:00Z,21.957,-159.36,nawi,0.46
2018-06-20T04:56:00Z,21.957,-159.36,nawi,0.454
2018-06-20T04:57:00Z,21.957,-159.36,nawi,0.465
2018-06-20T04:58:00Z,21.957,-159.36,nawi,0.459
2018-06-20T04:59:00Z,21.957,-159.36,nawi,0.449
2018-06-20T05:00:00Z,21.957,-159.36,nawi,0.456
2018-06-20T05:01:00Z,21.957,-159.36,nawi,0.454
2018-06-20T05:02:00Z,21.957,-159.36,nawi,0.448
2018-06-20T05:03:00Z,21.957,-159.36,nawi,0.453
2018-06-20T05:04:00Z,21.957,-159.36,nawi,0.458
2018-06-20T05:05:00Z,21.957,-159.36,nawi,0.457
2018-06-20T05:06:00Z,21.957,-159.36,nawi,0.46
2018-06-20T05:07:00Z,21.957,-159.36,nawi,0.466
2018-06-20T05:08:00Z,21.957,-159.36,nawi,0.468
2018-06-20T05:09:00Z,21.957,-159.36,nawi,0.465
2018-06-20T05:10:00Z,21.957,-159.36,nawi,0.466
2018-06-20T05:11:00Z,21.957,-159.36,nawi,0.465
2018-06-20T05:12:00Z,21.957,-159.36,nawi,0.467
2018-06-20T05:13:00Z,21.957,-159.36,nawi,0.468
2018-06-20T05:14:00Z,21.957,-159.36,nawi,0.469
2018-06-20T05:15:00Z,21.957,-159.36,nawi,0.472
2018-06-20T05:16:00Z,21.957,-159.36,nawi,0.479
2018-06-20T05:17:00Z,21.957,-159.36,nawi,0.47
2018-06-20T05:18:00Z,21.957,-159.36,nawi,0.47
2018-06-20T05:19:00Z,21.957,-159.36,nawi,0.472
2018-06-20T05:20:00Z,21.957,-159.36,nawi,0.467
2018-06-20T05:21:00Z,21.957,-159.36,nawi,0.472
2018-06-20T05:22:00Z,21.957,-159.36,nawi,0.482
2018-06-20T05:23:00Z,21.957,-159.36,nawi,0.481
2018-06-20T05:24:00Z,21.957,-159.36,nawi,0.484
2018-06-20T05:25:00Z,21.957,-159.36,nawi,0.485
2018-06-20T05:26:00Z,21.957,-159.36,nawi,0.481
2018-06-20T05:27:00Z,21.957,-159.36,nawi,0.48
2018-06-20T05:28:00Z,21.957,-159.36,nawi,0.486
2018-06-20T05:29:00Z,21.957,-159.36,nawi,0.488
2018-06-20T05:30:00Z,21.957,-159.36,nawi,0.489
2018-06-20T05:31:00Z,21.957,-159.36,nawi,0.489
2018-06-20T05:32:00Z,21.957,-159.36,nawi,0.487
2018-06-20T05:33:00Z,21.957,-159.36,nawi,0.488
2018-06-20T05:34:00Z,21.957,-159.36,nawi,0.487
2018-06-20T05:35:00Z,21.957,-159.36,nawi,0.489
2018-06-20T05:36:00Z,21.957,-159.36,nawi,0.494
2018-06-20T05:37:00Z,21.957,-159.36,nawi,0.494
2018-06-20T05:38:00Z,21.957,-159.36,nawi,0.496
2018-06-20T05:39:00Z,21.957,-159.36,nawi,0.5
2018-06-20T05:40:00Z,21.957,-159.36,nawi,0.496
2018-06-20T05:41:00Z,21.957,-159.36,nawi,0.5
2018-06-20T05:42:00Z,21.957,-159.36,nawi,0.495
2018-06-20T05:43:00Z,21.957,-159.36,nawi,0.5
2018-06-20T05:44:00Z,21.957,-159.36,nawi,0.498
2018-06-20T05:45:00Z,21.957,-159.36,nawi,0.494
2018-06-20T05:46:00Z,21.957,-159.36,nawi,0.495
2018-06-20T05:47:00Z,21.957,-159.36,nawi,0.498
2018-06-20T05:48:00Z,21.957,-159.36,nawi,0.49
2018-06-20T05:49:00Z,21.957,-159.36,nawi,0.498
2018-06-20T05:50:00Z,21.957,-159.36,nawi,0.501
2018-06-20T05:51:00Z,21.957,-159.36,nawi,0.498
2018-06-20T05:52:00Z,21.957,-159.36,nawi,0.507
2018-06-20T05:53:00Z,21.957,-159.36,nawi,0.508
2018-06-20T05:54:00Z,21.957,-159.36,nawi,0.505
2018-06-20T05:55:00Z,21.957,-159.36,nawi,0.506
2018-06-20T05:56:00Z,21.957,-159.36,nawi,0.509
2018-06-20T05:57:00Z,21.957,-159.36,nawi,0.508
2018-06-20T05:58:00Z,21.957,-159.36,nawi,0.507
2018-06-20T05:59:00Z,21.957,-159.36,nawi,0.505
2018-06-20T06:00:00Z,21.957,-159.36,nawi,0.502
2018-06-20T06:01:00Z,21.957,-159.36,nawi,0.501
2018-06-20T06:02:00Z,21.957,-159.36,nawi,0.502
2018-06-20T06:03:00Z,21.957,-159.36,nawi,0.51
2018-06-20T06:04:00Z,21.957,-159.36,nawi,0.513
2018-06-20T06:05:00Z,21.957,-159.36,nawi,0.512
2018-06-20T06:06:00Z,21.957,-159.36,nawi,0.516
2018-06-20T06:07:00Z,21.957,-159.36,nawi,0.516
2018-06-20T06:08:00Z,21.957,-159.36,nawi,0.512
2018-06-20T06:09:00Z,21.957,-159.36,nawi,0.509
2018-06-20T06:10:00Z,21.957,-159.36,nawi,0.5
2018-06-20T06:11:00Z,21.957,-159.36,nawi,0.502
2018-06-20T06:12:00Z,21.957,-159.36,nawi,0.502
2018-06-20T06:13:00Z,21.957,-159.36,nawi,0.509
2018-06-20T06:14:00Z,21.957,-159.36,nawi,0.517
2018-06-20T06:15:00Z,21.957,-159.36,nawi,0.519
2018-06-20T06:16:00Z,21.957,-159.36,nawi,0.517
2018-06-20T06:17:00Z,21.957,-159.36,nawi,0.514
2018-06-20T06:18:00Z,21.957,-159.36,nawi,0.515
2018-06-20T06:19:00Z,21.957,-159.36,nawi,0.516
2018-06-20T06:20:00Z,21.957,-159.36,nawi,0.52
2018-06-20T06:21:00Z,21.957,-159.36,nawi,0.52
2018-06-20T06:22:00Z,21.957,-159.36,nawi,0.523
2018-06-20T06:23:00Z,21.957,-159.36,nawi,0.519
2018-06-20T06:24:00Z,21.957,-159.36,nawi,0.518
2018-06-20T06:25:00Z,21.957,-159.36,nawi,0.511
2018-06-20T06:26:00Z,21.957,-159.36,nawi,0.509
2018-06-20T06:27:00Z,21.957,-159.36,nawi,0.505
2018-06-20T06:28:00Z,21.957,-159.36,nawi,0.505
2018-06-20T06:29:00Z,21.957,-159.36,nawi,0.506
2018-06-20T06:30:00Z,21.957,-159.36,nawi,0.517
2018-06-20T06:31:00Z,21.957,-159.36,nawi,0.522
2018-06-20T06:32:00Z,21.957,-159.36,nawi,0.526
2018-06-20T06:33:00Z,21.957,-159.36,nawi,0.535
2018-06-20T06:35:00Z,21.957,-159.36,nawi,0.533
2018-06-20T06:36:00Z,21.957,-159.36,nawi,0.534
2018-06-20T06:37:00Z,21.957,-159.36,nawi,0.526
2018-06-20T06:38:00Z,21.957,-159.36,nawi,0.52
2018-06-20T06:39:00Z,21.957,-159.36,nawi,0.526
2018-06-20T06:40:00Z,21.957,-159.36,nawi,0.526
2018-06-20T06:41:00Z,21.957,-159.36,nawi,0.519
2018-06-20T06:42:00Z,21.957,-159.36,nawi,0.524
2018-06-20T06:43:00Z,21.957,-159.36,nawi,0.518
2018-06-20T06:44:00Z,21.957,-159.36,nawi,0.508
2018-06-20T06:45:00Z,21.957,-159.36,nawi,0.506
2018-06-20T06:46:00Z,21.957,-159.36,nawi,0.509
2018-06-20T06:47:00Z,21.957,-159.36,nawi,0.508
2018-06-20T06:48:00Z,21.957,-159.36,nawi,0.52
2018-06-20T06:49:00Z,21.957,-159.36,nawi,0.524
2018-06-20T06:50:00Z,21.957,-159.36,nawi,0.525
2018-06-20T06:51:00Z,21.957,-159.36,nawi,0.526
2018-06-20T06:52:00Z,21.957,-159.36,nawi,0.516
2018-06-20T06:53:00Z,21.957,-159.36,nawi,0.509
2018-06-20T06:54:00Z,21.957,-159.36,nawi,0.505
2018-06-20T06:55:00Z,21.957,-159.36,nawi,0.503
2018-06-20T06:56:00Z,21.957,-159.36,nawi,0.506
2018-06-20T06:57:00Z,21.957,-159.36,nawi,0.515
2018-06-20T06:58:00Z,21.957,-159.36,nawi,0.523
2018-06-20T06:59:00Z,21.957,-159.36,nawi,0.532
2018-06-20T07:00:00Z,21.957,-159.36,nawi,0.533
2018-06-20T07:01:00Z,21.957,-159.36,nawi,0.524
2018-06-20T07:02:00Z,21.957,-159.36,nawi,0.519
2018-06-20T07:03:00Z,21.957,-159.36,nawi,0.509
2018-06-20T07:04:00Z,21.957,-159.36,nawi,0.506
2018-06-20T07:05:00Z,21.957,-159.36,nawi,0.515
2018-06-20T07:06:00Z,21.957,-159.36,nawi,0.519
2018-06-20T07:07:00Z,21.957,-159.36,nawi,0.525
2018-06-20T07:08:00Z,21.957,-159.36,nawi,0.53
2018-06-20T07:09:00Z,21.957,-159.36,nawi,0.516
2018-06-20T07:10:00Z,21.957,-159.36,nawi,0.506
2018-06-20T07:11:00Z,21.957,-159.36,nawi,0.499
2018-06-20T07:12:00Z,21.957,-159.36,nawi,0.49
2018-06-20T07:13:00Z,21.957,-159.36,nawi,0.497
2018-06-20T07:14:00Z,21.957,-159.36,nawi,0.51
2018-06-20T07:15:00Z,21.957,-159.36,nawi,0.515
2018-06-20T07:16:00Z,21.957,-159.36,nawi,0.532
2018-06-20T07:17:00Z,21.957,-159.36,nawi,0.533
2018-06-20T07:18:00Z,21.957,-159.36,nawi,0.52
2018-06-20T07:19:00Z,21.957,-159.36,nawi,0.521
2018-06-20T07:20:00Z,21.957,-159.36,nawi,0.508
2018-06-20T07:21:00Z,21.957,-159.36,nawi,0.493
2018-06-20T07:22:00Z,21.957,-159.36,nawi,0.507
2018-06-20T07:23:00Z,21.957,-159.36,nawi,0.512
2018-06-20T07:24:00Z,21.957,-159.36,nawi,0.511
2018-06-20T07:25:00Z,21.957,-159.36,nawi,0.531
2018-06-20T07:26:00Z,21.957,-159.36,nawi,0.521
2018-06-20T07:27:00Z,21.957,-159.36,nawi,0.51
2018-06-20T07:28:00Z,21.957,-159.36,nawi,0.512
2018-06-20T07:29:00Z,21.957,-159.36,nawi,0.502
2018-06-20T07:30:00Z,21.957,-159.36,nawi,0.497
2018-06-20T07:31:00Z,21.957,-159.36,nawi,0.512
2018-06-20T07:32:00Z,21.957,-159.36,nawi,0.518
2018-06-20T07:33:00Z,21.957,-159.36,nawi,0.525
2018-06-20T07:34:00Z,21.957,-159.36,nawi,0.528
2018-06-20T07:35:00Z,21.957,-159.36,nawi,0.52
2018-06-20T07:36:00Z,21.957,-159.36,nawi,0.517
2018-06-20T07:37:00Z,21.957,-159.36,nawi,0.506
2018-06-20T07:38:00Z,21.957,-159.36,nawi,0.503
2018-06-20T07:39:00Z,21.957,-159.36,nawi,0.508
2018-06-20T07:40:00Z,21.957,-159.36,nawi,0.512
2018-06-20T07:41:00Z,21.957,-159.36,nawi,0.513
2018-06-20T07:42:00Z,21.957,-159.36,nawi,0.521
2018-06-20T07:43:00Z,21.957,-159.36,nawi,0.516
2018-06-20T07:44:00Z,21.957,-159.36,nawi,0.514
2018-06-20T07:45:00Z,21.957,-159.36,nawi,0.515
2018-06-20T07:46:00Z,21.957,-159.36,nawi,0.506
2018-06-20T07:47:00Z,21.957,-159.36,nawi,0.51
2018-06-20T07:48:00Z,21.957,-159.36,nawi,0.517
2018-06-20T07:49:00Z,21.957,-159.36,nawi,0.513
2018-06-20T07:50:00Z,21.957,-159.36,nawi,0.52
2018-06-20T07:51:00Z,21.957,-159.36,nawi,0.521
2018-06-20T07:52:00Z,21.957,-159.36,nawi,0.511
2018-06-20T07:53:00Z,21.957,-159.36,nawi,0.509
2018-06-20T07:54:00Z,21.957,-159.36,nawi,0.508
2018-06-20T07:55:00Z,21.957,-159.36,nawi,0.507
2018-06-20T07:56:00Z,21.957,-159.36,nawi,0.507
2018-06-20T07:57:00Z,21.957,-159.36,nawi,0.508
2018-06-20T07:58:00Z,21.957,-159.36,nawi,0.515
2018-06-20T07:59:00Z,21.957,-159.36,nawi,0.509
2018-06-20T08:00:00Z,21.957,-159.36,nawi,0.508
2018-06-20T08:01:00Z,21.957,-159.36,nawi,0.51
2018-06-20T08:02:00Z,21.957,-159.36,nawi,0.504
2018-06-20T08:03:00Z,21.957,-159.36,nawi,0.511
2018-06-20T08:04:00Z,21.957,-159.36,nawi,0.514
2018-06-20T08:05:00Z,21.957,-159.36,nawi,0.507
2018-06-20T08:06:00Z,21.957,-159.36,nawi,0.515
2018-06-20T08:07:00Z,21.957,-159.36,nawi,0.518
2018-06-20T08:08:00Z,21.957,-159.36,nawi,0.509
2018-06-20T08:09:00Z,21.957,-159.36,nawi,0.507
2018-06-20T08:10:00Z,21.957,-159.36,nawi,0.508
2018-06-20T08:11:00Z,21.957,-159.36,nawi,0.498
2018-06-20T08:12:00Z,21.957,-159.36,nawi,0.506
2018-06-20T08:13:00Z,21.957,-159.36,nawi,0.506
2018-06-20T08:14:00Z,21.957,-159.36,nawi,0.504
2018-06-20T08:15:00Z,21.957,-159.36,nawi,0.513
2018-06-20T08:16:00Z,21.957,-159.36,nawi,0.513
2018-06-20T08:17:00Z,21.957,-159.36,nawi,0.508
2018-06-20T08:18:00Z,21.957,-159.36,nawi,0.51
2018-06-20T08:19:00Z,21.957,-159.36,nawi,0.502
2018-06-20T08:20:00Z,21.957,-159.36,nawi,0.496
2018-06-20T08:21:00Z,21.957,-159.36,nawi,0.501
2018-06-20T08:22:00Z,21.957,-159.36,nawi,0.502
2018-06-20T08:23:00Z,21.957,-159.36,nawi,0.502
2018-06-20T08:24:00Z,21.957,-159.36,nawi,0.51
2018-06-20T08:25:00Z,21.957,-159.36,nawi,0.502
2018-06-20T08:26:00Z,21.957,-159.36,nawi,0.5
2018-06-20T08:27:00Z,21.957,-159.36,nawi,0.497
2018-06-20T08:28:00Z,21.957,-159.36,nawi,0.495
2018-06-20T08:29:00Z,21.957,-159.36,nawi,0.498
2018-06-20T08:30:00Z,21.957,-159.36,nawi,0.503
2018-06-20T08:31:00Z,21.957,-159.36,nawi,0.5
2018-06-20T08:32:00Z,21.957,-159.36,nawi,0.503
2018-06-20T08:33:00Z,21.957,-159.36,nawi,0.501
2018-06-20T08:34:00Z,21.957,-159.36,nawi,0.5
2018-06-20T08:35:00Z,21.957,-159.36,nawi,0.499
2018-06-20T08:36:00Z,21.957,-159.36,nawi,0.504
2018-06-20T08:37:00Z,21.957,-159.36,nawi,0.499
2018-06-20T08:38:00Z,21.957,-159.36,nawi,0.502
2018-06-20T08:39:00Z,21.957,-159.36,nawi,0.498
2018-06-20T08:40:00Z,21.957,-159.36,nawi,0.496
2018-06-20T08:41:00Z,21.957,-159.36,nawi,0.496
2018-06-20T08:42:00Z,21.957,-159.36,nawi,0.491
2018-06-20T08:43:00Z,21.957,-159.36,nawi,0.484
2018-06-20T08:44:00Z,21.957,-159.36,nawi,0.488
2018-06-20T08:45:00Z,21.957,-159.36,nawi,0.485
2018-06-20T08:46:00Z,21.957,-159.36,nawi,0.486
2018-06-20T08:47:00Z,21.957,-159.36,nawi,0.491
2018-06-20T08:48:00Z,21.957,-159.36,nawi,0.492
2018-06-20T08:49:00Z,21.957,-159.36,nawi,0.491
2018-06-20T08:50:00Z,21.957,-159.36,nawi,0.492
2018-06-20T08:51:00Z,21.957,-159.36,nawi,0.485
2018-06-20T08:52:00Z,21.957,-159.36,nawi,0.481
2018-06-20T08:53:00Z,21.957,-159.36,nawi,0.48
2018-06-20T08:54:00Z,21.957,-159.36,nawi,0.482
2018-06-20T08:55:00Z,21.957,-159.36,nawi,0.487
2018-06-20T08:56:00Z,21.957,-159.36,nawi,0.488
2018-06-20T08:57:00Z,21.957,-159.36,nawi,0.485
2018-06-20T08:58:00Z,21.957,-159.36,nawi,0.484
2018-06-20T08:59:00Z,21.957,-159.36,nawi,0.475
2018-06-20T09:00:00Z,21.957,-159.36,nawi,0.47
2018-06-20T09:01:00Z,21.957,-159.36,nawi,0.468
2018-06-20T09:02:00Z,21.957,-159.36,nawi,0.47
2018-06-20T09:03:00Z,21.957,-159.36,nawi,0.474
2018-06-20T09:04:00Z,21.957,-159.36,nawi,0.483
2018-06-20T09:05:00Z,21.957,-159.36,nawi,0.482
2018-06-20T09:06:00Z,21.957,-159.36,nawi,0.486
2018-06-20T09:07:00Z,21.957,-159.36,nawi,0.482
2018-06-20T09:08:00Z,21.957,-159.36,nawi,0.482
2018-06-20T09:09:00Z,21.957,-159.36,nawi,0.482
2018-06-20T09:10:00Z,21.957,-159.36,nawi,0.478
2018-06-20T09:11:00Z,21.957,-159.36,nawi,0.475
2018-06-20T09:12:00Z,21.957,-159.36,nawi,0.48
2018-06-20T09:13:00Z,21.957,-159.36,nawi,0.473
2018-06-20T09:14:00Z,21.957,-159.36,nawi,0.476
2018-06-20T09:15:00Z,21.957,-159.36,nawi,0.476
2018-06-20T09:16:00Z,21.957,-159.36,nawi,0.464
2018-06-20T09:17:00Z,21.957,-159.36,nawi,0.459
2018-06-20T09:18:00Z,21.957,-159.36,nawi,0.451
2018-06-20T09:19:00Z,21.957,-159.36,nawi,0.444
2018-06-20T09:20:00Z,21.957,-159.36,nawi,0.453
2018-06-20T09:21:00Z,21.957,-159.36,nawi,0.458
2018-06-20T09:22:00Z,21.957,-159.36,nawi,0.46
2018-06-20T09:23:00Z,21.957,-159.36,nawi,0.469
2018-06-20T09:24:00Z,21.957,-159.36,nawi,0.464
2018-06-20T09:25:00Z,21.957,-159.36,nawi,0.459
2018-06-20T09:26:00Z,21.957,-159.36,nawi,0.455
2018-06-20T09:27:00Z,21.957,-159.36,nawi,0.449
2018-06-20T09:28:00Z,21.957,-159.36,nawi,0.45
2018-06-20T09:29:00Z,21.957,-159.36,nawi,0.451
2018-06-20T09:30:00Z,21.957,-159.36,nawi,0.45
2018-06-20T09:31:00Z,21.957,-159.36,nawi,0.455
2018-06-20T09:32:00Z,21.957,-159.36,nawi,0.45
2018-06-20T09:33:00Z,21.957,-159.36,nawi,0.443
2018-06-20T09:34:00Z,21.957,-159.36,nawi,0.449
2018-06-20T09:35:00Z,21.957,-159.36,nawi,0.438
2018-06-20T09:36:00Z,21.957,-159.36,nawi,0.431
2018-06-20T09:37:00Z,21.957,-159.36,nawi,0.44
2018-06-20T09:38:00Z,21.957,-159.36,nawi,0.435
2018-06-20T09:39:00Z,21.957,-159.36,nawi,0.435
2018-06-20T09:40:00Z,21.957,-159.36,nawi,0.448
2018-06-20T09:41:00Z,21.957,-159.36,nawi,0.437
2018-06-20T09:42:00Z,21.957,-159.36,nawi,0.425
2018-06-20T09:43:00Z,21.957,-159.36,nawi,0.422
2018-06-20T09:44:00Z,21.957,-159.36,nawi,0.413
2018-06-20T09:45:00Z,21.957,-159.36,nawi,0.407
2018-06-20T09:46:00Z,21.957,-159.36,nawi,0.409
2018-06-20T09:47:00Z,21.957,-159.36,nawi,0.415
2018-06-20T09:48:00Z,21.957,-159.36,nawi,0.417
2018-06-20T09:49:00Z,21.957,-159.36,nawi,0.422
2018-06-20T09:50:00Z,21.957,-159.36,nawi,0.42
2018-06-20T09:51:00Z,21.957,-159.36,nawi,0.419
2018-06-20T09:52:00Z,21.957,-159.36,nawi,0.415
2018-06-20T09:53:00Z,21.957,-159.36,nawi,0.417
2018-06-20T09:54:00Z,21.957,-159.36,nawi,0.413
2018-06-20T09:55:00Z,21.957,-159.36,nawi,0.411
2018-06-20T09:56:00Z,21.957,-159.36,nawi,0.409
2018-06-20T09:57:00Z,21.957,-159.36,nawi,0.402
2018-06-20T09:58:00Z,21.957,-159.36,nawi,0.396
2018-06-20T09:59:00Z,21.957,-159.36,nawi,0.393
2018-06-20T10:00:00Z,21.957,-159.36,nawi,0.386
2018-06-20T10:01:00Z,21.957,-159.36,nawi,0.38
2018-06-20T10:02:00Z,21.957,-159.36,nawi,0.384
2018-06-20T10:03:00Z,21.957,-159.36,nawi,0.385
2018-06-20T10:04:00Z,21.957,-159.36,nawi,0.386
2018-06-20T10:05:00Z,21.957,-159.36,nawi,0.389
2018-06-20T10:06:00Z,21.957,-159.36,nawi,0.385
2018-06-20T10:07:00Z,21.957,-159.36,nawi,0.383
2018-06-20T10:08:00Z,21.957,-159.36,nawi,0.382
2018-06-20T10:09:00Z,21.957,-159.36,nawi,0.374
2018-06-20T10:10:00Z,21.957,-159.36,nawi,0.374
2018-06-20T10:11:00Z,21.957,-159.36,nawi,0.377
2018-06-20T10:12:00Z,21.957,-159.36,nawi,0.374
2018-06-20T10:13:00Z,21.957,-159.36,nawi,0.372
2018-06-20T10:14:00Z,21.957,-159.36,nawi,0.367
2018-06-20T10:15:00Z,21.957,-159.36,nawi,0.359
2018-06-20T10:16:00Z,21.957,-159.36,nawi,0.357
2018-06-20T10:17:00Z,21.957,-159.36,nawi,0.355
2018-06-20T10:18:00Z,21.957,-159.36,nawi,0.356
2018-06-20T10:19:00Z,21.957,-159.36,nawi,0.359
2018-06-20T10:20:00Z,21.957,-159.36,nawi,0.361
2018-06-20T10:21:00Z,21.957,-159.36,nawi,0.357
2018-06-20T10:22:00Z,21.957,-159.36,nawi,0.355
2018-06-20T10:23:00Z,21.957,-159.36,nawi,0.35
2018-06-20T10:24:00Z,21.957,-159.36,nawi,0.351
2018-06-20T10:25:00Z,21.957,-159.36,nawi,0.349
2018-06-20T10:26:00Z,21.957,-159.36,nawi,0.354
2018-06-20T10:27:00Z,21.957,-159.36,nawi,0.352
2018-06-20T10:28:00Z,21.957,-159.36,nawi,0.348
2018-06-20T10:29:00Z,21.957,-159.36,nawi,0.346
2018-06-20T10:30:00Z,21.957,-159.36,nawi,0.343
2018-06-20T10:31:00Z,21.957,-159.36,nawi,0.337
2018-06-20T10:32:00Z,21.957,-159.36,nawi,0.339
2018-06-20T10:33:00Z,21.957,-159.36,nawi,0.335
2018-06-20T10:34:00Z,21.957,-159.36,nawi,0.331
2018-06-20T10:35:00Z,21.957,-159.36,nawi,0.331
2018-06-20T10:36:00Z,21.957,-159.36,nawi,0.332
2018-06-20T10:37:00Z,21.957,-159.36,nawi,0.328
2018-06-20T10:38:00Z,21.957,-159.36,nawi,0.335
2018-06-20T10:39:00Z,21.957,-159.36,nawi,0.332
2018-06-20T10:40:00Z,21.957,-159.36,nawi,0.33
2018-06-20T10:41:00Z,21.957,-159.36,nawi,0.331
2018-06-20T10:42:00Z,21.957,-159.36,nawi,0.317
2018-06-20T10:43:00Z,21.957,-159.36,nawi,0.313
2018-06-20T10:44:00Z,21.957,-159.36,nawi,0.316
2018-06-20T10:45:00Z,21.957,-159.36,nawi,0.31
2018-06-20T10:46:00Z,21.957,-159.36,nawi,0.314
2018-06-20T10:47:00Z,21.957,-159.36,nawi,0.322
2018-06-20T10:48:00Z,21.957,-159.36,nawi,0.317
2018-06-20T10:49:00Z,21.957,-159.36,nawi,0.314
2018-06-20T10:50:00Z,21.957,-159.36,nawi,0.312
2018-06-20T10:51:00Z,21.957,-159.36,nawi,0.301
2018-06-20T10:52:00Z,21.957,-159.36,nawi,0.3
2018-06-20T10:53:00Z,21.957,-159.36,nawi,0.305
2018-06-20T10:54:00Z,21.957,-159.36,nawi,0.303
2018-06-20T10:55:00Z,21.957,-159.36,nawi,0.31
2018-06-20T10:56:00Z,21.957,-159.36,nawi,0.314
2018-06-20T10:57:00Z,21.957,-159.36,nawi,0.305
2018-06-20T10:58:00Z,21.957,-159.36,nawi,0.295
2018-06-20T10:59:00Z,21.957,-159.36,nawi,0.296
2018-06-20T11:00:00Z,21.957,-159.36,nawi,0.278
2018-06-20T11:01:00Z,21.957,-159.36,nawi,0.273
2018-06-20T11:02:00Z,21.957,-159.36,nawi,0.283
2018-06-20T11:03:00Z,21.957,-159.36,nawi,0.278
2018-06-20T11:04:00Z,21.957,-159.36,nawi,0.281
2018-06-20T11:05:00Z,21.957,-159.36,nawi,0.292
2018-06-20T11:06:00Z,21.957,-159.36,nawi,0.288
2018-06-20T11:07:00Z,21.957,-159.36,nawi,0.281
2018-06-20T11:08:00Z,21.957,-159.36,nawi,0.284
2018-06-20T11:09:00Z,21.957,-159.36,nawi,0.279
2018-06-20T11:10:00Z,21.957,-159.36,nawi,0.269
2018-06-20T11:11:00Z,21.957,-159.36,nawi,0.269
2018-06-20T11:12:00Z,21.957,-159.36,nawi,0.268
2018-06-20T11:13:00Z,21.957,-159.36,nawi,0.269
2018-06-20T11:14:00Z,21.957,-159.36,nawi,0.268
2018-06-20T11:15:00Z,21.957,-159.36,nawi,0.269
2018-06-20T11:16:00Z,21.957,-159.36,nawi,0.266
2018-06-20T11:17:00Z,21.957,-159.36,nawi,0.261
2018-06-20T11:18:00Z,21.957,-159.36,nawi,0.258
2018-06-20T11:19:00Z,21.957,-159.36,nawi,0.255
2018-06-20T11:20:00Z,21.957,-159.36,nawi,0.253
2018-06-20T11:21:00Z,21.957,-159.36,nawi,0.263
2018-06-20T11:22:00Z,21.957,-159.36,nawi,0.263
2018-06-20T11:23:00Z,21.957,-159.36,nawi,0.262
2018-06-20T11:24:00Z,21.957,-159.36,nawi,0.264
2018-06-20T11:25:00Z,21.957,-159.36,nawi,0.258
2018-06-20T11:26:00Z,21.957,-159.36,nawi,0.244
2018-06-20T11:27:00Z,21.957,-159.36,nawi,0.241
2018-06-20T11:28:00Z,21.957,-159.36,nawi,0.237
2018-06-20T11:29:00Z,21.957,-159.36,nawi,0.237
2018-06-20T11:30:00Z,21.957,-159.36,nawi,0.245
2018-06-20T11:31:00Z,21.957,-159.36,nawi,0.252
2018-06-20T11:32:00Z,21.957,-159.36,nawi,0.251
2018-06-20T11:33:00Z,21.957,-159.36,nawi,0.249
2018-06-20T11:34:00Z,21.957,-159.36,nawi,0.242
2018-06-20T11:35:00Z,21.957,-159.36,nawi,0.23
2018-06-20T11:36:00Z,21.957,-159.36,nawi,0.218
2018-06-20T11:37:00Z,21.957,-159.36,nawi,0.217
2018-06-20T11:38:00Z,21.957,-159.36,nawi,0.22
2018-06-20T11:39:00Z,21.957,-159.36,nawi,0.219
2018-06-20T11:40:00Z,21.957,-159.36,nawi,0.221
2018-06-20T11:41:00Z,21.957,-159.36,nawi,0.232
2018-06-20T11:42:00Z,21.957,-159.36,nawi,0.23
2018-06-20T11:43:00Z,21.957,-159.36,nawi,0.223
2018-06-20T11:44:00Z,21.957,-159.36,nawi,0.225
2018-06-20T11:45:00Z,21.957,-159.36,nawi,0.216
2018-06-20T11:46:00Z,21.957,-159.36,nawi,0.213
2018-06-20T11:47:00Z,21.957,-159.36,nawi,0.221
2018-06-20T11:48:00Z,21.957,-159.36,nawi,0.227
2018-06-20T11:49:00Z,21.957,-159.36,nawi,0.223
2018-06-20T11:50:00Z,21.957,-159.36,nawi,0.227
2018-06-20T11:51:00Z,21.957,-159.36,nawi,0.218
2018-06-20T11:52:00Z,21.957,-159.36,nawi,0.205
2018-06-20T11:53:00Z,21.957,-159.36,nawi,0.203
2018-06-20T11:54:00Z,21.957,-159.36,nawi,0.193
2018-06-20T11:55:00Z,21.957,-159.36,nawi,0.188
2018-06-20T11:56:00Z,21.957,-159.36,nawi,0.187
2018-06-20T11:57:00Z,21.957,-159.36,nawi,0.194
2018-06-20T11:58:00Z,21.957,-159.36,nawi,0.191
2018-06-20T11:59:00Z,21.957,-159.36,nawi,0.192
2018-06-20T12:00:00Z,21.957,-159.36,nawi,0.199

